date_field,date_month,date_field_str,yr,tempMax,tempAvg,tempMin,dewMax,dewAvg,dewMin,humMax,humAvg,humMin,presMax,presAvg,presMin,precipitation
2017-01-01,Jan,20170101,2017,74,67.5,64,66,63.8,62,97,88.1,73,29.8,29.7,29.7,0.3
2017-01-02,Jan,20170102,2017,74,66.9,53,70,62.2,51,97,86.1,46,29.8,29.7,29.6,0.07
2017-01-03,Jan,20170103,2017,75,61.9,49,52,46.3,40,93,61.1,30,30.0,29.9,29.8,1.22
2017-01-04,Jan,20170104,2017,52,46.5,42,42,38.7,35,93,74.7,63,30.1,30.0,29.9,0.0
2017-01-05,Jan,20170105,2017,56,50.4,44,51,45.8,38,90,84.1,77,29.9,29.8,29.8,0.0
2017-01-06,Jan,20170106,2017,44,35.1,26,38,28.7,18,89,77.8,66,30.4,30.1,29.9,0.0
2017-01-07,Jan,20170107,2017,43,29.9,21,19,15.2,12,75,57.1,30,30.6,30.5,30.4,0.27
2017-01-08,Jan,20170108,2017,49,37.3,25,35,23.7,10,79,60.8,27,30.6,30.5,30.4,0.0
2017-01-09,Jan,20170109,2017,65,57.3,43,56,49.8,36,86,76.3,65,30.4,30.2,30.1,0.0
2017-01-10,Jan,20170110,2017,77,69.8,63,64,61.1,56,87,74.3,58,30.0,30.0,29.9,0.0
2017-01-11,Jan,20170111,2017,79,71.8,66,66,63.4,60,93,75.9,54,30.0,29.9,29.9,0.0
2017-01-12,Jan,20170112,2017,81,71.5,68,68,64.7,59,96,80.7,47,30.1,30.0,29.9,0.0
2017-01-13,Jan,20170113,2017,79,70.4,67,68,66.2,63,97,87.2,60,30.2,30.2,30.1,0.11
2017-01-14,Jan,20170114,2017,76,67.7,60,67,64.3,59,97,89.6,62,30.3,30.2,30.1,0.07
2017-01-15,Jan,20170115,2017,75,67.8,63,67,63.8,62,100,87.3,66,30.1,30.0,29.8,0.0
2017-01-16,Jan,20170116,2017,79,71.7,68,69,65.2,62,93,81.1,56,29.9,29.9,29.8,0.16
2017-01-17,Jan,20170117,2017,72,62.9,59,69,60.9,57,96,93.3,90,30.0,29.9,29.9,0.17
2017-01-18,Jan,20170118,2017,74,63.5,57,69,61.3,55,100,92.8,84,29.9,29.9,29.8,1.81
2017-01-19,Jan,20170119,2017,64,59.4,55,60,56.9,53,97,91.4,80,29.8,29.7,29.6,0.79
2017-01-20,Jan,20170120,2017,77,65.1,58,66,61.2,57,100,88.0,58,29.7,29.6,29.5,0.42
2017-01-21,Jan,20170121,2017,78,66.5,62,66,61.0,51,100,84.2,45,29.5,29.5,29.3,0.95
2017-01-22,Jan,20170122,2017,68,61.8,57,56,42.9,34,93,51.4,36,29.8,29.5,29.4,0.05
2017-01-23,Jan,20170123,2017,72,58.8,48,42,37.3,31,68,47.6,25,29.9,29.8,29.8,0.0
2017-01-24,Jan,20170124,2017,80,67.3,51,64,57.6,43,92,72.2,48,29.7,29.7,29.6,0.0
2017-01-25,Jan,20170125,2017,75,67.3,55,67,49.0,32,93,58.1,21,30.0,29.7,29.6,0.0
2017-01-26,Jan,20170126,2017,59,50.0,43,35,30.0,26,74,47.8,28,30.2,30.1,30.0,0.0
2017-01-27,Jan,20170127,2017,56,48.1,39,31,25.8,18,67,44.4,23,30.3,30.2,30.1,0.0
2017-01-28,Jan,20170128,2017,60,52.0,46,33,27.6,24,54,40.1,26,30.3,30.2,30.1,0.0
2017-01-29,Jan,20170129,2017,68,53.6,41,37,31.0,28,70,45.4,24,30.2,30.1,30.1,0.0
2017-01-30,Jan,20170130,2017,77,60.3,42,46,34.3,28,82,43.6,17,30.1,30.1,30.0,0.0
2017-01-31,Jan,20170131,2017,75,63.4,50,55,48.5,41,93,62.5,34,30.0,30.0,29.9,0.0
2017-02-01,Feb,20170201,2017,81,68.8,56,64,60.2,55,97,76.1,45,29.9,29.9,29.8,0.0
2017-02-02,Feb,20170202,2017,71,66.3,54,66,56.9,45,97,73.2,50,30.1,30.0,29.9,0.0
2017-02-03,Feb,20170203,2017,63,54.4,50,48,43.2,38,83,67.0,48,30.3,30.2,30.1,0.0
2017-02-04,Feb,20170204,2017,62,54.4,48,60,43.8,33,93,68.1,54,30.2,30.1,30.0,0.0
2017-02-05,Feb,20170205,2017,77,70.3,64,67,64.9,61,97,83.8,62,30.0,30.0,29.9,0.03
2017-02-06,Feb,20170206,2017,81,72.5,68,67,65.5,65,93,79.0,58,29.9,29.9,29.8,0.02
2017-02-07,Feb,20170207,2017,85,75.2,67,66,61.4,52,87,65.2,32,29.8,29.7,29.6,0.0
2017-02-08,Feb,20170208,2017,87,74.2,62,66,58.6,39,93,62.6,24,30.0,29.7,29.6,0.0
2017-02-09,Feb,20170209,2017,71,58.9,50,43,37.5,36,64,46.7,28,30.2,30.1,30.0,0.0
2017-02-10,Feb,20170210,2017,76,64.3,47,67,57.0,40,89,77.5,65,30.2,30.1,29.9,0.0
2017-02-11,Feb,20170211,2017,85,74.9,71,68,67.0,64,90,77.4,53,30.0,29.9,29.9,0.0
2017-02-12,Feb,20170212,2017,85,75.0,69,67,65.4,60,90,73.6,43,30.1,30.0,29.9,0.0
2017-02-13,Feb,20170213,2017,76,69.0,65,67,62.4,56,96,80.7,57,30.1,30.0,29.8,0.0
2017-02-14,Feb,20170214,2017,69,61.4,52,65,56.2,41,93,83.5,66,29.9,29.7,29.6,0.0
2017-02-15,Feb,20170215,2017,63,53.6,48,40,37.2,33,71,55.4,34,30.0,30.0,29.9,0.78
2017-02-16,Feb,20170216,2017,67,54.7,42,43,36.0,29,89,54.4,24,30.1,30.0,29.9,0.0
2017-02-17,Feb,20170217,2017,66,58.3,48,60,54.4,42,93,87.2,70,29.9,29.8,29.7,0.0
2017-02-18,Feb,20170218,2017,83,68.4,54,66,61.6,54,100,81.5,41,29.8,29.7,29.6,0.19
2017-02-19,Feb,20170219,2017,79,71.6,69,69,67.6,66,96,87.4,66,29.9,29.8,29.7,0.0
2017-02-20,Feb,20170220,2017,71,63.0,58,68,61.0,57,97,92.8,86,29.9,29.9,29.8,0.0
2017-02-21,Feb,20170221,2017,75,62.4,55,58,54.2,47,100,77.8,37,29.9,29.8,29.8,1.39
2017-02-22,Feb,20170222,2017,83,66.8,51,52,49.0,44,89,56.0,25,29.8,29.7,29.7,0.0
2017-02-23,Feb,20170223,2017,82,67.2,52,62,56.0,49,97,71.0,41,29.7,29.6,29.5,0.0
2017-02-24,Feb,20170224,2017,84,69.5,58,64,55.4,30,93,67.0,15,29.9,29.6,29.5,0.0
2017-02-25,Feb,20170225,2017,69,56.8,47,38,33.4,29,61,43.8,22,30.1,30.0,29.9,0.0
2017-02-26,Feb,20170226,2017,73,62.6,45,65,53.4,34,90,72.7,56,29.9,29.9,29.8,0.0
2017-02-27,Feb,20170227,2017,83,73.2,68,70,67.3,65,93,82.3,56,29.9,29.9,29.8,0.01
2017-02-28,Feb,20170228,2017,82,76.5,73,70,68.0,65,90,75.7,56,29.9,29.8,29.8,0.0
2017-03-01,Mar,20170301,2017,83,73.6,58,69,54.4,27,85,55.5,27,30.1,29.9,29.8,0.0
2017-03-02,Mar,20170302,2017,68,57.6,49,33,26.2,22,50,31.5,17,30.3,30.2,30.1,0.0
2017-03-03,Mar,20170303,2017,70,58.4,45,46,33.1,25,72,42.0,19,30.4,30.4,30.3,0.0
2017-03-04,Mar,20170304,2017,64,58.7,54,56,50.7,46,90,75.1,58,30.3,30.3,30.1,0.0
2017-03-05,Mar,20170305,2017,69,64.6,58,66,62.2,56,97,91.7,84,30.1,30.0,29.9,0.09
2017-03-06,Mar,20170306,2017,77,72.8,69,69,67.5,66,93,83.6,74,29.9,29.9,29.8,0.95
2017-03-07,Mar,20170307,2017,80,71.6,61,70,63.3,48,91,75.7,60,30.2,30.0,29.9,0.24
2017-03-08,Mar,20170308,2017,72,65.2,60,63,52.5,40,96,65.9,40,30.2,30.1,30.1,0.02
2017-03-09,Mar,20170309,2017,78,72.0,65,68,66.3,64,97,82.8,66,30.1,30.0,29.9,0.0
2017-03-10,Mar,20170310,2017,77,71.8,67,68,66.5,64,97,83.9,69,30.1,30.0,29.9,0.0
2017-03-11,Mar,20170311,2017,71,67.5,63,67,65.0,61,94,91.7,87,30.0,30.0,29.9,0.0
2017-03-12,Mar,20170312,2017,64,55.8,48,62,49.5,44,93,80.0,62,30.1,30.0,30.0,1.37
2017-03-13,Mar,20170313,2017,68,57.3,51,51,48.8,47,92,74.3,49,30.1,30.0,29.9,0.0
2017-03-14,Mar,20170314,2017,69,55.3,43,47,38.4,34,86,55.8,30,30.2,30.1,30.1,0.0
2017-03-15,Mar,20170315,2017,67,56.3,47,50,48.0,45,93,74.9,54,30.3,30.2,30.1,0.0
2017-03-16,Mar,20170316,2017,73,65.0,53,63,58.3,49,93,79.1,66,30.2,30.1,30.1,0.0
2017-03-17,Mar,20170317,2017,79,71.3,64,63,61.5,60,90,72.3,54,30.1,30.1,30.0,0.0
2017-03-18,Mar,20170318,2017,83,69.9,60,67,63.0,58,97,80.8,49,30.2,30.1,30.1,0.0
2017-03-19,Mar,20170319,2017,82,72.8,62,66,63.8,58,96,75.3,44,30.2,30.1,30.1,0.0
2017-03-20,Mar,20170320,2017,85,73.5,67,66,61.8,53,93,70.6,34,30.1,30.0,30.0,0.0
2017-03-21,Mar,20170321,2017,86,73.7,61,64,58.8,50,93,64.1,31,30.0,30.0,29.9,0.0
2017-03-22,Mar,20170322,2017,85,71.7,59,67,61.6,55,100,74.5,37,30.1,30.0,29.9,0.0
2017-03-23,Mar,20170323,2017,85,72.2,62,67,60.0,49,97,70.4,29,30.1,30.0,29.9,0.0
2017-03-24,Mar,20170324,2017,79,72.6,65,69,64.0,59,91,74.8,54,29.9,29.9,29.8,0.0
2017-03-25,Mar,20170325,2017,80,71.4,61,68,57.7,50,87,64.6,37,29.9,29.9,29.8,1.28
2017-03-26,Mar,20170326,2017,84,72.2,60,68,64.1,54,97,77.3,46,29.8,29.8,29.7,0.0
2017-03-27,Mar,20170327,2017,86,75.7,70,69,67.2,65,91,76.3,49,29.8,29.8,29.7,0.0
2017-03-28,Mar,20170328,2017,83,74.2,68,71,68.0,67,97,82.0,60,29.8,29.7,29.6,0.0
2017-03-29,Mar,20170329,2017,79,72.3,66,70,67.6,65,97,85.3,73,29.8,29.7,29.6,0.0
2017-03-30,Mar,20170330,2017,76,66.5,60,64,52.9,46,97,65.1,35,29.8,29.7,29.7,1.68
2017-03-31,Mar,20170331,2017,86,70.2,54,62,54.0,45,93,61.0,26,29.8,29.7,29.7,0.0
2017-04-01,Apr,20170401,2017,78,70.6,61,66,62.7,59,93,77.0,60,29.8,29.8,29.7,0.0
2017-04-02,Apr,20170402,2017,83,74.3,68,73,68.2,61,93,81.5,62,29.8,29.6,29.5,0.07
2017-04-03,Apr,20170403,2017,86,71.9,58,62,52.9,46,81,55.1,26,29.7,29.6,29.6,0.02
2017-04-04,Apr,20170404,2017,87,74.6,60,70,60.2,48,96,65.8,26,29.6,29.6,29.5,0.0
2017-04-05,Apr,20170405,2017,75,68.0,55,70,49.5,38,90,54.6,30,30.0,29.8,29.6,0.0
2017-04-06,Apr,20170406,2017,78,64.6,51,46,40.5,33,74,46.2,21,30.2,30.1,30.0,0.0
2017-04-07,Apr,20170407,2017,80,67.4,52,52,47.5,43,86,52.9,27,30.1,30.1,30.0,0.0
2017-04-08,Apr,20170408,2017,81,69.4,54,57,53.6,51,93,60.1,36,30.0,29.9,29.9,0.0
2017-04-09,Apr,20170409,2017,83,73.1,65,64,60.3,57,79,65.1,44,29.9,29.9,29.8,0.0
2017-04-10,Apr,20170410,2017,79,74.3,72,71,67.3,64,87,78.8,72,30.0,29.9,29.8,0.0
2017-04-11,Apr,20170411,2017,76,68.1,62,68,64.1,60,93,87.2,76,30.1,30.0,29.9,0.14
2017-04-12,Apr,20170412,2017,79,68.5,60,69,64.0,59,97,86.0,69,30.1,30.0,30.0,0.73
2017-04-13,Apr,20170413,2017,81,71.6,65,68,63.2,57,100,77.7,44,30.1,30.0,30.0,0.19
2017-04-14,Apr,20170414,2017,81,71.0,62,65,62.4,60,97,76.3,49,30.0,30.0,29.9,0.0
2017-04-15,Apr,20170415,2017,82,71.5,63,68,64.1,60,97,79.8,51,30.0,29.9,29.9,0.0
2017-04-16,Apr,20170416,2017,85,75.7,66,70,66.9,64,96,75.5,53,30.0,29.9,29.9,0.0
2017-04-17,Apr,20170417,2017,82,72.6,67,70,66.2,62,97,81.3,58,29.9,29.9,29.8,0.0
2017-04-18,Apr,20170418,2017,77,70.5,67,67,65.8,65,93,85.7,66,29.9,29.9,29.9,0.23
2017-04-19,Apr,20170419,2017,82,73.6,67,71,67.4,65,97,82.0,64,30.0,29.9,29.9,0.28
2017-04-20,Apr,20170420,2017,84,76.2,68,70,67.5,65,96,75.9,53,29.9,29.9,29.8,0.01
2017-04-21,Apr,20170421,2017,87,75.5,67,71,67.5,66,97,78.3,51,29.9,29.8,29.7,0.0
2017-04-22,Apr,20170422,2017,80,71.1,61,70,62.3,48,96,74.5,60,30.0,29.8,29.7,0.0
2017-04-23,Apr,20170423,2017,72,63.0,53,50,45.8,42,75,54.5,41,30.0,29.9,29.9,0.0
2017-04-24,Apr,20170424,2017,81,67.3,52,56,50.0,46,93,58.0,31,29.9,29.8,29.6,0.0
2017-04-25,Apr,20170425,2017,84,74.9,65,69,64.2,55,78,69.3,58,29.6,29.5,29.4,0.0
2017-04-26,Apr,20170426,2017,90,79.5,66,72,66.3,52,82,65.2,40,29.7,29.4,29.4,0.0
2017-04-27,Apr,20170427,2017,80,68.0,54,66,52.7,47,83,60.7,36,29.7,29.6,29.6,0.0
2017-04-28,Apr,20170428,2017,90,81.4,74,75,71.6,67,85,72.8,57,29.6,29.5,29.5,0.0
2017-04-29,Apr,20170429,2017,84,81.0,78,75,73.8,73,90,78.7,72,29.6,29.5,29.5,0.0
2017-04-30,Apr,20170430,2017,75,65.8,58,68,48.0,39,84,55.4,27,29.9,29.8,29.7,0.01
2017-05-01,May,20170501,2017,87,70.7,51,53,49.0,45,86,50.6,27,29.9,29.9,29.8,0.0
2017-05-02,May,20170502,2017,86,74.1,59,66,59.1,54,93,62.6,35,29.9,29.8,29.8,0.0
2017-05-03,May,20170503,2017,85,77.4,65,74,69.7,52,94,77.6,63,29.8,29.7,29.6,0.0
2017-05-04,May,20170504,2017,76,66.5,58,51,44.4,36,70,47.9,24,29.9,29.9,29.8,0.2
2017-05-05,May,20170505,2017,81,68.6,57,49,44.4,40,72,45.3,25,29.9,29.9,29.8,0.0
2017-05-06,May,20170506,2017,85,70.8,53,56,49.0,45,83,50.7,25,29.9,29.9,29.8,0.0
2017-05-07,May,20170507,2017,83,71.9,59,61,56.6,53,93,61.7,36,29.9,29.9,29.8,0.0
2017-05-08,May,20170508,2017,83,72.6,61,63,60.3,58,90,67.0,47,29.9,29.9,29.9,0.0
2017-05-09,May,20170509,2017,83,74.1,65,70,66.1,61,90,76.5,58,29.9,29.9,29.8,0.0
2017-05-10,May,20170510,2017,83,75.8,70,68,67.0,66,87,74.7,60,29.9,29.9,29.8,0.02
2017-05-11,May,20170511,2017,84,77.8,73,73,69.8,65,90,77.2,53,29.9,29.8,29.7,0.0
2017-05-12,May,20170512,2017,84,76.4,72,72,64.2,55,96,69.0,38,29.8,29.7,29.7,0.33
2017-05-13,May,20170513,2017,87,74.7,65,62,59.9,57,78,61.6,41,29.8,29.8,29.7,0.0
2017-05-14,May,20170514,2017,86,75.1,64,66,63.0,61,93,67.8,44,29.9,29.8,29.8,0.0
2017-05-15,May,20170515,2017,86,75.1,62,66,63.8,60,96,70.1,47,29.9,29.8,29.8,0.0
2017-05-16,May,20170516,2017,86,77.8,69,67,64.8,60,90,65.8,44,29.8,29.8,29.7,0.0
2017-05-17,May,20170517,2017,86,80.0,76,73,68.7,67,82,69.0,53,29.7,29.7,29.6,0.0
2017-05-18,May,20170518,2017,90,81.9,78,74,71.1,66,84,70.8,51,29.7,29.7,29.7,0.0
2017-05-19,May,20170519,2017,89,81.9,78,74,72.4,71,84,73.5,55,29.7,29.7,29.7,0.0
2017-05-20,May,20170520,2017,90,82.3,76,74,72.8,71,91,73.9,55,29.8,29.8,29.7,0.01
2017-05-21,May,20170521,2017,89,76.8,73,74,71.2,68,96,83.3,59,29.9,29.9,29.8,0.0
2017-05-22,May,20170522,2017,77,71.7,68,73,68.2,63,94,88.3,79,29.9,29.8,29.7,0.04
2017-05-23,May,20170523,2017,87,72.3,65,65,62.7,60,90,73.5,44,29.8,29.7,29.6,0.19
2017-05-24,May,20170524,2017,83,70.8,59,59,51.2,45,87,55.0,26,29.8,29.7,29.6,0.02
2017-05-25,May,20170525,2017,90,77.3,62,66,58.9,52,90,55.5,32,29.7,29.7,29.6,0.0
2017-05-26,May,20170526,2017,90,80.8,74,74,71.5,67,85,74.0,55,29.8,29.8,29.7,0.0
2017-05-27,May,20170527,2017,93,84.8,80,75,73.8,71,85,70.4,50,29.8,29.8,29.7,0.0
2017-05-28,May,20170528,2017,91,82.2,71,75,73.3,66,90,74.8,57,29.9,29.8,29.7,0.0
2017-05-29,May,20170529,2017,82,74.0,69,70,68.5,67,96,83.4,62,29.9,29.9,29.8,1.47
2017-05-30,May,20170530,2017,88,78.3,71,71,69.5,68,93,75.7,53,29.9,29.9,29.8,0.0
2017-05-31,May,20170531,2017,88,77.4,72,73,70.2,68,93,79.5,53,29.9,29.9,29.8,0.0
2017-06-01,Jun,20170601,2017,83,77.0,72,72,70.7,68,93,81.3,67,29.9,29.9,29.8,0.18
2017-06-02,Jun,20170602,2017,86,78.5,73,75,72.8,70,96,82.9,67,29.8,29.8,29.7,0.07
2017-06-03,Jun,20170603,2017,91,79.7,73,77,73.5,71,97,82.4,53,29.8,29.8,29.7,0.03
2017-06-04,Jun,20170604,2017,86,75.1,70,74,70.7,66,97,86.9,55,29.8,29.7,29.6,0.28
2017-06-05,Jun,20170605,2017,82,74.8,71,73,70.8,68,97,87.6,71,29.7,29.6,29.5,0.92
2017-06-06,Jun,20170606,2017,88,78.5,72,73,70.7,69,97,78.3,53,29.7,29.6,29.6,1.67
2017-06-07,Jun,20170607,2017,92,82.1,73,72,67.5,62,90,64.0,37,29.8,29.8,29.7,0.15
2017-06-08,Jun,20170608,2017,87,78.3,68,65,61.6,57,84,58.5,40,29.9,29.8,29.7,0.0
2017-06-09,Jun,20170609,2017,85,77.1,68,67,64.6,62,87,66.3,53,29.8,29.8,29.7,0.0
2017-06-10,Jun,20170610,2017,86,78.3,69,70,67.9,65,90,71.5,55,29.8,29.8,29.8,0.0
2017-06-11,Jun,20170611,2017,91,81.2,70,75,71.4,68,93,73.4,53,29.9,29.8,29.8,0.0
2017-06-12,Jun,20170612,2017,90,83.1,76,76,74.1,72,94,75.2,57,29.8,29.8,29.8,0.02
2017-06-13,Jun,20170613,2017,89,82.8,78,78,75.0,73,90,77.6,59,29.9,29.8,29.8,0.02
2017-06-14,Jun,20170614,2017,92,85.0,77,76,73.6,71,90,70.1,52,29.9,29.8,29.8,0.07
2017-06-15,Jun,20170615,2017,94,85.1,78,76,73.2,70,90,69.0,47,29.9,29.8,29.8,0.0
2017-06-16,Jun,20170616,2017,94,85.3,77,74,72.2,69,88,66.7,44,29.8,29.8,29.7,0.0
2017-06-17,Jun,20170617,2017,92,84.6,79,75,73.2,71,85,69.4,50,29.7,29.7,29.6,0.0
2017-06-18,Jun,20170618,2017,95,85.9,79,75,73.4,72,84,67.5,47,29.7,29.7,29.6,0.0
2017-06-19,Jun,20170619,2017,95,85.7,76,76,73.0,68,94,68.3,43,29.9,29.8,29.7,0.0
2017-06-20,Jun,20170620,2017,93,84.9,77,76,72.4,70,88,67.6,47,29.8,29.8,29.7,0.0
2017-06-21,Jun,20170621,2017,89,80.1,76,73,71.1,69,91,74.9,52,29.7,29.6,29.5,0.0
2017-06-22,Jun,20170622,2017,88,79.9,76,78,74.1,72,94,83.0,63,29.6,29.5,29.4,0.22
2017-06-23,Jun,20170623,2017,96,85.6,80,77,75.1,71,90,72.0,47,29.8,29.7,29.6,0.07
2017-06-24,Jun,20170624,2017,86,78.5,75,78,74.3,72,94,87.2,67,30.0,29.9,29.8,0.38
2017-06-25,Jun,20170625,2017,87,78.0,71,75,72.8,67,94,84.6,67,30.1,30.0,29.9,2.34
2017-06-26,Jun,20170626,2017,90,79.2,73,74,71.1,64,91,77.1,54,30.0,29.9,29.9,0.21
2017-06-27,Jun,20170627,2017,85,78.5,74,74,72.6,71,94,82.7,65,29.9,29.9,29.8,0.0
2017-06-28,Jun,20170628,2017,89,80.0,74,74,72.4,71,94,78.6,57,29.8,29.8,29.7,0.48
2017-06-29,Jun,20170629,2017,90,81.1,74,77,74.7,72,97,81.3,59,29.8,29.8,29.7,0.0
2017-06-30,Jun,20170630,2017,92,85.1,81,77,76.1,74,88,75.3,55,29.9,29.8,29.8,0.17
2017-07-01,Jul,20170701,2017,93,84.9,78,77,74.0,69,94,71.7,45,30.0,29.9,29.9,0.0
2017-07-02,Jul,20170702,2017,93,84.9,77,77,74.6,73,90,72.2,52,30.0,30.0,29.9,0.0
2017-07-03,Jul,20170703,2017,95,85.7,79,76,74.3,71,88,70.1,47,30.0,29.9,29.8,0.0
2017-07-04,Jul,20170704,2017,95,86.3,79,76,74.3,69,88,69.0,43,29.9,29.9,29.8,0.0
2017-07-05,Jul,20170705,2017,93,85.8,77,75,74.3,72,90,69.2,54,30.0,29.9,29.9,0.0
2017-07-06,Jul,20170706,2017,93,85.5,76,76,73.6,70,94,69.4,49,30.0,30.0,29.9,0.0
2017-07-07,Jul,20170707,2017,95,85.0,76,76,73.0,70,94,68.7,46,30.0,29.9,29.9,0.0
2017-07-08,Jul,20170708,2017,96,84.8,77,75,72.0,68,94,67.5,43,30.0,29.9,29.9,0.0
2017-07-09,Jul,20170709,2017,95,81.3,73,75,72.1,69,97,75.7,46,30.0,29.9,29.8,0.0
2017-07-10,Jul,20170710,2017,83,77.2,73,74,72.5,71,96,85.9,72,30.0,29.9,29.9,2.31
2017-07-11,Jul,20170711,2017,91,82.3,75,76,73.9,72,96,76.3,53,29.9,29.9,29.8,0.5
2017-07-12,Jul,20170712,2017,90,81.9,75,78,74.3,73,96,78.5,61,29.9,29.9,29.9,0.0
2017-07-13,Jul,20170713,2017,93,83.6,76,77,74.5,73,97,75.2,54,30.0,30.0,29.9,0.02
2017-07-14,Jul,20170714,2017,95,85.1,76,76,73.8,69,94,71.0,43,30.0,30.0,29.9,0.01
2017-07-15,Jul,20170715,2017,93,79.7,73,77,73.8,72,96,83.4,54,30.0,29.9,29.8,0.0
2017-07-16,Jul,20170716,2017,92,80.6,73,74,72.3,69,96,77.5,48,29.9,29.8,29.7,1.2
2017-07-17,Jul,20170717,2017,91,83.9,78,76,74.7,73,90,74.5,55,29.9,29.8,29.8,0.0
2017-07-18,Jul,20170718,2017,91,83.8,77,77,75.0,73,94,75.3,59,29.9,29.9,29.9,0.0
2017-07-19,Jul,20170719,2017,92,83.8,75,76,74.3,72,94,74.2,53,30.0,30.0,29.9,0.68
2017-07-20,Jul,20170720,2017,95,86.7,77,77,74.2,71,96,68.0,47,30.0,29.9,29.9,0.0
2017-07-21,Jul,20170721,2017,95,85.3,77,77,74.5,72,90,71.1,47,29.9,29.9,29.8,0.0
2017-07-22,Jul,20170722,2017,94,81.7,74,78,74.1,69,97,79.2,53,29.9,29.8,29.8,0.5
2017-07-23,Jul,20170723,2017,92,85.0,79,77,74.5,72,90,71.5,54,29.9,29.8,29.7,0.9
2017-07-24,Jul,20170724,2017,95,86.7,80,76,72.9,68,85,65.4,41,29.9,29.9,29.8,0.17
2017-07-25,Jul,20170725,2017,94,86.0,78,76,74.3,72,88,69.0,50,30.0,29.9,29.9,0.0
2017-07-26,Jul,20170726,2017,95,86.1,78,75,73.2,70,87,66.6,44,30.0,29.9,29.9,0.0
2017-07-27,Jul,20170727,2017,97,86.3,77,77,73.3,70,90,66.8,41,30.0,29.9,29.8,0.0
2017-07-28,Jul,20170728,2017,98,87.8,79,77,74.5,69,90,66.9,39,29.9,29.8,29.7,0.0
2017-07-29,Jul,20170729,2017,99,88.3,80,77,74.5,70,85,65.4,40,29.8,29.8,29.7,0.0
2017-07-30,Jul,20170730,2017,95,86.4,80,78,73.5,64,90,66.6,47,29.9,29.8,29.8,0.0
2017-07-31,Jul,20170731,2017,92,81.9,72,67,65.5,63,81,59.0,39,29.9,29.9,29.8,0.0
2017-08-01,Aug,20170801,2017,93,83.2,74,73,70.7,67,84,67.1,48,29.9,29.9,29.8,0.0
2017-08-02,Aug,20170802,2017,89,79.8,76,77,73.9,72,94,82.8,59,29.9,29.9,29.9,0.0
2017-08-03,Aug,20170803,2017,89,79.6,75,75,73.1,72,94,81.2,57,29.9,29.9,29.8,0.09
2017-08-04,Aug,20170804,2017,92,81.0,75,76,74.4,72,94,81.3,52,29.9,29.9,29.8,0.03
2017-08-05,Aug,20170805,2017,90,81.8,75,78,74.8,73,96,80.3,61,29.9,29.9,29.8,1.23
2017-08-06,Aug,20170806,2017,94,84.1,78,78,76.4,73,90,78.1,54,29.8,29.8,29.7,0.39
2017-08-07,Aug,20170807,2017,84,79.5,76,79,75.9,74,96,88.8,79,29.9,29.8,29.8,0.1
2017-08-08,Aug,20170808,2017,86,77.4,73,76,73.5,71,97,88.0,67,29.9,29.8,29.8,5.71
2017-08-09,Aug,20170809,2017,92,81.9,76,78,74.6,72,94,79.8,53,29.9,29.9,29.8,0.03
2017-08-10,Aug,20170810,2017,97,83.6,77,79,76.0,72,96,79.8,44,30.0,29.9,29.9,0.0
2017-08-11,Aug,20170811,2017,94,86.4,77,79,75.8,72,96,72.1,52,30.0,29.9,29.8,0.12
2017-08-12,Aug,20170812,2017,96,87.2,80,78,75.5,72,90,69.8,46,29.9,29.8,29.8,0.0
2017-08-13,Aug,20170813,2017,96,87.0,78,77,75.0,72,93,69.0,47,29.8,29.8,29.7,0.0
2017-08-14,Aug,20170814,2017,96,87.4,81,76,74.1,72,85,66.1,46,29.8,29.8,29.7,0.0
2017-08-15,Aug,20170815,2017,96,87.4,81,77,74.1,69,85,66.1,41,29.8,29.8,29.7,0.0
2017-08-16,Aug,20170816,2017,95,87.6,82,78,76.0,74,85,69.2,52,29.9,29.8,29.8,0.0
2017-08-17,Aug,20170817,2017,97,88.4,83,78,73.8,68,85,64.0,41,29.9,29.9,29.8,0.0
2017-08-18,Aug,20170818,2017,98,87.5,79,78,75.2,71,90,68.5,42,29.9,29.9,29.8,0.0
2017-08-19,Aug,20170819,2017,98,87.6,78,78,74.7,71,93,67.4,42,29.9,29.9,29.8,0.0
2017-08-20,Aug,20170820,2017,95,86.4,77,77,73.9,70,94,68.4,44,29.9,29.9,29.8,0.0
2017-08-21,Aug,20170821,2017,94,84.2,78,78,74.8,72,93,74.9,50,30.0,29.9,29.9,0.0
2017-08-22,Aug,20170822,2017,95,85.0,76,76,73.0,68,94,69.7,41,30.0,29.9,29.8,0.0
2017-08-23,Aug,20170823,2017,94,84.5,77,76,73.4,70,90,70.5,47,29.9,29.8,29.7,0.0
2017-08-24,Aug,20170824,2017,93,83.0,77,76,73.2,71,94,74.0,49,29.8,29.8,29.7,0.15
2017-08-25,Aug,20170825,2017,79,77.7,76,76,73.7,71,94,87.5,82,29.8,29.7,29.7,0.0
2017-08-26,Aug,20170826,2017,79,77.3,74,77,75.1,72,97,92.6,88,29.8,29.7,29.6,0.89
2017-08-27,Aug,20170827,2017,77,75.4,74,75,73.8,72,100,95.0,89,29.7,29.6,29.6,13.43
2017-08-28,Aug,20170828,2017,74,72.4,71,72,70.0,68,96,92.1,87,29.6,29.6,29.5,10.75
2017-08-29,Aug,20170829,2017,75,72.6,72,71,69.7,68,97,90.4,82,29.6,29.6,29.6,5.28
2017-08-30,Aug,20170830,2017,85,78.2,73,69,67.8,67,87,71.1,58,29.7,29.6,29.6,0.91
2017-08-31,Aug,20170831,2017,92,81.4,73,69,66.8,63,85,63.0,39,29.8,29.8,29.7,0.0
2017-09-01,Sep,20170901,2017,90,80.7,71,73,69.5,67,90,70.4,46,29.9,29.9,29.8,0.0
2017-09-02,Sep,20170902,2017,91,81.2,73,75,70.2,63,96,72.3,39,30.0,29.9,29.9,0.0
2017-09-03,Sep,20170903,2017,90,80.7,73,74,70.9,66,93,74.1,45,30.0,29.9,29.9,0.0
2017-09-04,Sep,20170904,2017,90,80.9,73,74,71.5,69,94,74.5,50,29.9,29.9,29.8,0.0
2017-09-05,Sep,20170905,2017,92,81.6,73,74,72.0,69,96,74.5,47,29.9,29.9,29.8,0.0
2017-09-06,Sep,20170906,2017,84,75.3,67,74,62.3,52,93,67.7,33,30.0,29.9,29.8,0.06
2017-09-07,Sep,20170907,2017,82,72.1,63,60,56.4,53,84,60.2,37,30.0,30.0,29.9,0.0
2017-09-08,Sep,20170908,2017,84,72.7,61,60,57.5,56,87,61.3,40,30.0,30.0,29.9,0.0
2017-09-09,Sep,20170909,2017,85,74.2,64,61,59.4,58,81,61.8,43,30.0,30.0,29.9,0.0
2017-09-10,Sep,20170910,2017,86,75.2,65,62,60.2,59,84,61.7,41,30.0,29.9,29.9,0.0
2017-09-11,Sep,20170911,2017,84,73.8,66,61,59.0,55,81,62.0,38,29.9,29.9,29.8,0.0
2017-09-12,Sep,20170912,2017,88,73.8,61,62,58.3,54,93,62.5,32,29.8,29.7,29.7,0.0
2017-09-13,Sep,20170913,2017,86,77.4,68,69,64.9,63,87,66.8,48,29.8,29.7,29.7,0.0
2017-09-14,Sep,20170914,2017,91,79.2,68,70,68.2,65,96,71.3,42,29.8,29.8,29.7,0.0
2017-09-15,Sep,20170915,2017,90,79.3,69,73,70.4,68,96,76.1,53,29.8,29.8,29.8,0.0
2017-09-16,Sep,20170916,2017,91,78.5,68,76,70.8,67,100,79.8,45,29.9,29.9,29.8,0.0
2017-09-17,Sep,20170917,2017,90,80.4,71,76,71.9,68,96,77.1,48,29.9,29.9,29.8,0.0
2017-09-18,Sep,20170918,2017,90,79.7,73,79,75.0,72,97,86.2,63,29.9,29.9,29.8,0.0
2017-09-19,Sep,20170919,2017,93,82.0,74,78,74.2,72,97,78.9,50,29.9,29.8,29.7,0.42
2017-09-20,Sep,20170920,2017,91,83.7,78,77,75.3,73,93,76.3,55,29.8,29.8,29.8,0.0
2017-09-21,Sep,20170921,2017,84,79.1,75,78,74.1,70,96,84.8,72,29.9,29.8,29.8,0.48
2017-09-22,Sep,20170922,2017,91,78.5,72,76,72.3,70,100,83.2,53,29.9,29.8,29.8,0.02
2017-09-23,Sep,20170923,2017,91,79.7,73,75,72.1,68,97,79.0,49,29.8,29.8,29.7,0.0
2017-09-24,Sep,20170924,2017,91,79.0,72,75,72.0,69,97,81.1,48,29.8,29.8,29.7,0.0
2017-09-25,Sep,20170925,2017,91,80.0,73,75,72.2,70,97,78.5,52,29.8,29.7,29.7,0.01
2017-09-26,Sep,20170926,2017,89,80.0,72,74,71.8,69,97,77.8,52,29.8,29.8,29.7,0.0
2017-09-27,Sep,20170927,2017,92,81.5,75,74,72.3,69,94,75.6,48,29.8,29.8,29.8,0.0
2017-09-28,Sep,20170928,2017,91,80.3,75,74,73.0,71,94,79.8,53,29.9,29.8,29.8,0.0
2017-09-29,Sep,20170929,2017,91,80.9,73,74,69.3,64,94,69.5,46,29.9,29.9,29.9,0.24
2017-09-30,Sep,20170930,2017,88,77.3,67,64,61.3,60,81,59.6,39,30.0,29.9,29.9,0.0
2017-10-01,Oct,20171001,2017,90,77.9,66,71,64.9,61,90,66.3,42,29.9,29.8,29.8,0.0
2017-10-02,Oct,20171002,2017,89,78.8,73,75,72.3,69,97,81.8,52,29.9,29.8,29.8,0.0
2017-10-03,Oct,20171003,2017,82,78.5,77,79,76.1,74,96,92.2,88,30.1,30.0,29.9,0.01
2017-10-04,Oct,20171004,2017,88,79.1,72,75,70.2,67,91,75.5,51,30.1,30.0,30.0,2.12
2017-10-05,Oct,20171005,2017,86,76.8,70,71,67.2,62,93,74.3,47,30.0,29.9,29.9,0.0
2017-10-06,Oct,20171006,2017,87,75.7,66,68,65.4,63,96,72.9,44,29.9,29.8,29.7,0.0
2017-10-07,Oct,20171007,2017,90,78.2,69,76,71.1,66,91,79.4,59,29.7,29.6,29.6,0.0
2017-10-08,Oct,20171008,2017,92,82.2,72,75,71.4,67,94,71.9,44,29.6,29.6,29.5,0.0
2017-10-09,Oct,20171009,2017,94,82.5,72,77,73.0,71,100,75.2,49,29.8,29.7,29.6,0.0
2017-10-10,Oct,20171010,2017,79,75.3,68,74,65.7,54,97,74.1,52,30.0,29.9,29.8,0.0
2017-10-11,Oct,20171011,2017,83,71.0,62,58,55.5,54,75,59.3,39,30.1,30.0,29.9,0.0
2017-10-12,Oct,20171012,2017,88,76.3,65,73,66.1,59,93,72.0,53,30.0,29.9,29.9,0.0
2017-10-13,Oct,20171013,2017,90,79.8,71,75,72.0,70,100,79.6,52,30.0,29.9,29.9,0.0
2017-10-14,Oct,20171014,2017,90,78.2,71,77,72.8,67,100,85.9,54,30.0,29.9,29.9,0.0
2017-10-15,Oct,20171015,2017,92,77.3,70,74,68.7,54,100,77.0,48,30.1,30.0,29.9,0.0
2017-10-16,Oct,20171016,2017,77,67.7,57,51,48.1,45,74,51.0,32,30.2,30.1,30.1,0.0
2017-10-17,Oct,20171017,2017,79,63.4,53,52,47.2,43,81,59.0,30,30.2,30.1,30.0,0.0
2017-10-18,Oct,20171018,2017,83,66.9,52,65,56.4,50,100,72.3,42,30.1,30.0,30.0,0.0
2017-10-19,Oct,20171019,2017,84,72.0,61,66,62.8,60,100,75.2,47,30.0,30.0,29.9,0.0
2017-10-20,Oct,20171020,2017,79,73.7,69,73,70.3,62,100,89.3,76,30.0,29.9,29.8,0.01
2017-10-21,Oct,20171021,2017,85,76.0,69,76,72.9,69,100,91.1,72,29.9,29.8,29.8,0.01
2017-10-22,Oct,20171022,2017,75,67.8,62,75,64.4,54,100,89.6,61,30.0,29.9,29.8,0.04
2017-10-23,Oct,20171023,2017,80,64.4,52,54,49.3,40,97,63.8,27,30.0,30.0,29.9,0.97
2017-10-24,Oct,20171024,2017,77,65.8,57,54,39.8,28,89,45.5,18,30.2,30.1,30.0,0.0
2017-10-25,Oct,20171025,2017,76,60.6,46,46,38.1,31,77,48.5,20,30.2,30.1,29.9,0.0
2017-10-26,Oct,20171026,2017,82,67.3,50,58,51.5,42,93,60.0,36,29.9,29.8,29.7,0.0
2017-10-27,Oct,20171027,2017,68,63.0,51,62,49.7,31,90,64.3,43,30.0,29.8,29.7,0.0
2017-10-28,Oct,20171028,2017,62,51.8,43,32,29.0,25,65,43.7,25,30.1,30.0,30.0,0.0
2017-10-29,Oct,20171029,2017,70,54.0,36,38,30.4,19,89,48.0,17,30.0,29.9,29.9,0.0
2017-10-30,Oct,20171030,2017,79,62.1,44,60,50.5,36,97,68.7,42,29.9,29.9,29.8,0.0
2017-10-31,Oct,20171031,2017,81,68.7,60,68,64.7,60,100,88.4,60,30.0,29.9,29.8,0.0
2017-11-01,Nov,20171101,2017,81,72.9,67,73,69.6,66,100,90.1,69,29.8,29.8,29.7,0.7
2017-11-02,Nov,20171102,2017,88,78.5,73,75,73.0,71,97,84.5,59,29.9,29.9,29.8,0.0
2017-11-03,Nov,20171103,2017,87,79.3,75,75,73.4,70,97,83.1,57,30.0,29.9,29.9,0.0
2017-11-04,Nov,20171104,2017,86,75.7,68,76,71.4,68,100,88.2,55,29.9,29.9,29.8,0.0
2017-11-05,Nov,20171105,2017,87,78.1,74,74,72.1,68,97,83.6,53,29.9,29.9,29.8,0.0
2017-11-06,Nov,20171106,2017,88,79.2,74,74,71.0,67,97,77.7,51,29.9,29.9,29.8,0.0
2017-11-07,Nov,20171107,2017,87,77.1,65,75,69.2,58,100,78.3,53,30.0,29.9,29.9,0.0
2017-11-08,Nov,20171108,2017,64,58.8,55,58,53.7,50,97,83.6,70,30.1,30.0,30.0,0.0
2017-11-09,Nov,20171109,2017,66,56.9,52,54,51.3,50,97,82.6,59,30.1,30.1,30.0,0.06
2017-11-10,Nov,20171110,2017,69,59.6,48,52,48.4,45,97,69.3,42,30.2,30.1,30.1,0.0
2017-11-11,Nov,20171111,2017,75,65.1,56,60,54.9,49,84,70.0,57,30.1,30.0,30.0,0.0
2017-11-12,Nov,20171112,2017,80,68.2,59,63,58.4,53,97,72.3,48,30.1,30.1,30.0,0.0
2017-11-13,Nov,20171113,2017,77,67.9,60,63,60.3,57,100,78.8,50,30.2,30.1,30.1,0.0
2017-11-14,Nov,20171114,2017,78,67.1,59,62,59.5,58,97,78.6,52,30.1,30.0,29.9,0.0
2017-11-15,Nov,20171115,2017,80,68.5,57,68,63.2,57,100,84.8,56,30.0,29.9,29.9,0.0
2017-11-16,Nov,20171116,2017,80,72.1,68,70,68.1,65,100,88.1,64,30.0,30.0,29.9,0.0
2017-11-17,Nov,20171117,2017,85,76.1,69,71,67.9,63,100,77.7,48,29.9,29.9,29.8,0.0
2017-11-18,Nov,20171118,2017,84,73.5,57,70,61.2,41,93,67.8,36,30.1,29.8,29.7,0.0
2017-11-19,Nov,20171119,2017,66,55.3,47,40,35.5,30,77,50.3,27,30.2,30.1,30.1,0.0
2017-11-20,Nov,20171120,2017,67,54.3,43,49,42.9,35,89,67.9,38,30.1,30.0,29.9,0.0
2017-11-21,Nov,20171121,2017,76,64.0,50,64,58.1,47,93,82.0,62,29.9,29.8,29.7,0.0
2017-11-22,Nov,20171122,2017,69,59.8,50,56,49.0,37,90,69.4,47,30.1,30.1,30.0,0.0
2017-11-23,Nov,20171123,2017,66,51.5,39,41,36.9,34,89,60.9,30,30.1,30.0,30.0,0.0
2017-11-24,Nov,20171124,2017,72,56.4,39,47,41.5,34,93,63.5,26,29.9,29.9,29.8,0.0
2017-11-25,Nov,20171125,2017,79,63.7,48,61,55.8,46,100,78.3,45,30.0,29.9,29.8,0.0
2017-11-26,Nov,20171126,2017,76,62.9,55,58,51.0,45,100,69.0,38,30.2,30.1,30.0,0.0
2017-11-27,Nov,20171127,2017,74,59.0,47,53,45.4,40,93,64.2,33,30.1,30.0,29.9,0.0
2017-11-28,Nov,20171128,2017,76,62.7,46,64,58.1,46,100,86.6,60,30.0,30.0,29.9,0.0
2017-11-29,Nov,20171129,2017,73,63.6,56,63,61.2,53,100,92.7,71,30.1,30.1,30.0,0.0
2017-11-30,Nov,20171130,2017,77,62.3,51,49,45.3,40,86,57.9,26,30.1,30.1,30.0,0.0
2017-12-01,Dec,20171201,2017,75,59.7,47,53,49.8,45,97,72.6,41,30.1,30.0,30.0,0.0
2017-12-02,Dec,20171202,2017,78,60.0,48,62,54.5,48,100,85.1,43,30.1,30.0,30.0,0.0
2017-12-03,Dec,20171203,2017,69,63.0,55,68,62.4,55,100,97.8,87,30.0,30.0,29.9,0.0
2017-12-04,Dec,20171204,2017,81,72.7,67,72,69.6,66,100,90.3,67,29.9,29.8,29.8,0.55
2017-12-05,Dec,20171205,2017,75,62.6,54,73,57.2,39,100,83.7,55,30.1,30.0,29.9,0.29
2017-12-06,Dec,20171206,2017,53,44.9,42,43,40.7,38,93,85.6,64,30.3,30.2,30.1,0.09
2017-12-07,Dec,20171207,2017,46,42.2,34,43,38.1,32,93,85.2,73,30.2,30.2,30.1,0.36
2017-12-08,Dec,20171208,2017,43,34.6,30,32,29.1,23,96,82.5,45,30.2,30.1,30.0,0.51
2017-12-09,Dec,20171209,2017,61,43.7,31,40,34.3,30,96,74.9,34,30.3,30.1,30.1,0.0
2017-12-10,Dec,20171210,2017,64,49.3,35,40,34.6,30,97,62.1,29,30.3,30.3,30.2,0.0
2017-12-11,Dec,20171211,2017,75,57.3,42,43,35.5,25,82,50.2,16,30.2,30.1,30.0,0.0
2017-12-12,Dec,20171212,2017,64,53.8,41,42,32.3,27,77,46.3,25,30.2,30.1,30.1,0.0
2017-12-13,Dec,20171213,2017,58,46.9,33,39,33.6,29,96,64.1,34,30.1,30.0,29.8,0.0
2017-12-14,Dec,20171214,2017,64,53.7,43,47,42.9,38,93,68.8,38,30.0,29.9,29.8,0.0
2017-12-15,Dec,20171215,2017,56,49.9,42,39,35.5,33,89,59.0,42,30.2,30.1,30.0,0.0
2017-12-16,Dec,20171216,2017,59,51.1,39,53,41.5,33,100,72.9,39,30.1,30.0,29.8,0.0
2017-12-17,Dec,20171217,2017,62,52.7,48,54,50.6,47,100,93.0,75,30.0,30.0,29.9,0.82
2017-12-18,Dec,20171218,2017,67,63.2,56,67,60.8,54,100,92.2,76,30.1,30.0,30.0,0.0
2017-12-19,Dec,20171219,2017,79,72.7,66,72,69.5,66,100,90.5,72,30.0,29.9,29.8,0.05
2017-12-20,Dec,20171220,2017,77,67.3,56,70,56.6,46,97,72.5,33,29.9,29.9,29.8,0.75
2017-12-21,Dec,20171221,2017,79,67.3,49,71,62.3,49,100,84.8,68,29.9,29.8,29.8,0.0
2017-12-22,Dec,20171222,2017,81,69.1,45,71,64.0,42,100,84.8,64,30.0,29.8,29.8,0.0
2017-12-23,Dec,20171223,2017,54,46.9,41,41,37.2,33,93,70.5,51,30.2,30.1,30.0,0.07
2017-12-24,Dec,20171224,2017,68,49.8,38,45,40.3,37,100,73.3,37,30.3,30.1,30.0,0.0
2017-12-25,Dec,20171225,2017,54,46.0,36,40,35.9,31,93,69.7,48,30.3,30.2,30.1,0.0
2017-12-26,Dec,20171226,2017,50,48.9,48,48,42.9,37,97,81.0,61,30.2,30.1,30.1,0.0
2017-12-27,Dec,20171227,2017,47,42.3,41,45,40.0,36,97,91.5,79,30.3,30.3,30.2,0.2
2017-12-28,Dec,20171228,2017,44,41.2,38,38,36.5,34,93,83.6,73,30.3,30.3,30.2,0.02
2017-12-29,Dec,20171229,2017,54,48.9,42,44,37.6,33,74,65.5,54,30.3,30.2,30.1,0.0
2017-12-30,Dec,20171230,2017,58,53.5,51,53,50.0,45,97,88.1,77,30.1,30.0,30.0,0.0
2017-12-31,Dec,20171231,2017,51,47.0,39,49,42.0,29,100,83.8,63,30.4,30.2,30.0,0.01
2018-01-01,Jan,20180101,2018,41,34.6,30,29,16.2,11,72,48.6,29,30.6,30.5,30.4,0.0
2018-01-02,Jan,20180102,2018,34,31.2,28,21,13.9,10,74,49.6,42,30.5,30.4,30.3,0.0
2018-01-03,Jan,20180103,2018,47,33.9,25,24,15.8,10,75,50.3,27,30.4,30.3,30.2,0.0
2018-01-04,Jan,20180104,2018,54,40.4,26,28,23.4,19,88,55.0,25,30.3,30.2,30.2,0.0
2018-01-05,Jan,20180105,2018,56,45.9,37,36,32.4,27,89,60.6,40,30.3,30.3,30.2,0.0
2018-01-06,Jan,20180106,2018,65,49.0,34,48,40.5,33,97,75.0,48,30.3,30.2,30.1,0.0
2018-01-07,Jan,20180107,2018,68,58.8,46,63,56.2,43,100,91.5,73,30.1,29.9,29.8,0.0
2018-01-08,Jan,20180108,2018,66,59.4,47,62,50.5,42,100,74.9,42,30.0,29.9,29.8,0.33
2018-01-09,Jan,20180109,2018,54,49.9,44,51,47.1,43,97,90.2,83,30.1,30.0,29.9,0.0
2018-01-10,Jan,20180110,2018,63,57.4,52,59,54.7,51,100,91.0,78,29.9,29.8,29.7,0.0
2018-01-11,Jan,20180111,2018,69,59.3,41,65,55.4,26,100,87.5,55,29.9,29.7,29.6,0.01
2018-01-12,Jan,20180112,2018,48,39.4,32,24,21.4,18,57,49.2,36,30.3,30.1,30.0,0.96
2018-01-13,Jan,20180113,2018,53,40.0,31,28,23.2,21,82,53.2,31,30.5,30.4,30.3,0.0
2018-01-14,Jan,20180114,2018,54,40.1,28,36,28.0,23,97,65.5,35,30.5,30.4,30.3,0.0
2018-01-15,Jan,20180115,2018,66,51.0,34,49,42.8,33,100,75.9,48,30.3,30.2,30.1,0.0
2018-01-16,Jan,20180116,2018,54,30.3,25,51,26.2,14,97,84.7,63,30.6,30.5,30.2,0.17
2018-01-17,Jan,20180117,2018,38,27.6,19,18,13.2,10,75,56.2,37,30.6,30.6,30.5,0.18
2018-01-18,Jan,20180118,2018,38,31.7,22,23,17.8,13,82,58.5,40,30.5,30.4,30.3,0.0
2018-01-19,Jan,20180119,2018,56,48.2,36,52,42.2,23,100,80.7,57,30.3,30.1,30.0,0.0
2018-01-20,Jan,20180120,2018,72,61.4,52,67,60.3,52,100,96.0,81,30.0,29.9,29.9,0.07
2018-01-21,Jan,20180121,2018,74,68.5,66,68,65.4,64,100,89.9,71,29.9,29.8,29.8,0.02
2018-01-22,Jan,20180122,2018,69,61.0,43,68,41.6,25,96,54.3,22,30.0,29.9,29.8,0.6
2018-01-23,Jan,20180123,2018,65,50.9,39,35,28.2,19,86,47.3,18,30.2,30.1,30.0,0.0
2018-01-24,Jan,20180124,2018,66,49.7,39,33,27.5,23,73,46.4,20,30.4,30.3,30.2,0.0
2018-01-25,Jan,20180125,2018,61,47.3,33,42,34.1,27,96,65.3,27,30.4,30.3,30.2,0.0
2018-01-26,Jan,20180126,2018,70,58.0,45,59,53.3,42,100,85.0,68,30.2,30.1,30.1,0.0
2018-01-27,Jan,20180127,2018,66,62.1,59,65,61.9,59,100,99.2,96,30.1,30.0,30.0,0.23
2018-01-28,Jan,20180128,2018,68,61.8,53,63,56.3,43,100,83.8,55,30.2,30.1,30.1,0.49
2018-01-29,Jan,20180129,2018,67,54.3,44,41,33.1,29,73,48.1,25,30.4,30.3,30.2,0.0
2018-01-30,Jan,20180130,2018,61,48.8,39,37,31.2,27,73,53.2,28,30.4,30.3,30.2,0.0
2018-01-31,Jan,20180131,2018,71,56.0,37,56,46.3,34,100,72.9,45,30.2,30.0,29.9,0.0
2018-02-01,Feb,20180201,2018,79,66.0,54,62,56.0,45,100,72.5,48,30.1,29.9,29.9,0.0
2018-02-02,Feb,20180202,2018,61,54.3,48,51,33.6,26,75,47.0,31,30.3,30.2,30.1,0.0
2018-02-03,Feb,20180203,2018,55,50.5,45,55,44.4,28,100,81.8,46,30.2,30.0,29.8,0.0
2018-02-04,Feb,20180204,2018,66,61.2,56,63,59.4,55,100,94.1,84,30.0,29.9,29.8,0.04
2018-02-05,Feb,20180205,2018,60,56.2,50,57,51.9,47,100,85.7,70,30.1,30.0,29.9,0.0
2018-02-06,Feb,20180206,2018,75,66.7,57,70,65.1,56,100,94.7,82,30.0,29.9,29.9,0.02
2018-02-07,Feb,20180207,2018,56,45.2,43,55,43.5,40,100,93.9,89,30.3,30.1,29.9,0.18
2018-02-08,Feb,20180208,2018,57,48.7,38,49,41.5,35,93,76.9,59,30.3,30.2,30.1,0.19
2018-02-09,Feb,20180209,2018,71,62.4,54,66,57.3,47,100,83.6,72,30.1,30.0,29.9,0.0
2018-02-10,Feb,20180210,2018,71,64.2,48,68,63.2,48,100,96.7,84,29.9,29.8,29.7,0.98
2018-02-11,Feb,20180211,2018,47,40.9,38,47,36.2,30,100,83.7,70,30.1,30.0,29.8,0.69
2018-02-12,Feb,20180212,2018,46,41.1,36,41,36.5,31,93,83.8,73,30.3,30.2,30.1,0.0
2018-02-13,Feb,20180213,2018,52,47.4,44,51,45.6,40,100,93.5,85,30.3,30.3,30.2,0.0
2018-02-14,Feb,20180214,2018,79,67.3,52,69,63.9,52,100,89.7,66,30.2,30.1,30.0,0.6
2018-02-15,Feb,20180215,2018,80,72.9,69,68,65.9,62,93,79.7,56,30.1,30.0,29.9,0.01
2018-02-16,Feb,20180216,2018,79,71.1,65,67,65.1,60,97,82.1,64,30.0,30.0,29.9,0.0
2018-02-17,Feb,20180217,2018,76,65.8,59,67,60.5,53,97,83.2,69,30.0,30.0,29.9,0.0
2018-02-18,Feb,20180218,2018,77,67.3,59,67,62.5,55,93,84.7,69,30.0,30.0,29.9,0.0
2018-02-19,Feb,20180219,2018,80,73.3,70,69,66.3,64,91,79.4,58,29.9,29.9,29.8,0.0
2018-02-20,Feb,20180220,2018,79,74.5,71,70,68.8,67,87,82.2,72,30.0,29.9,29.8,0.0
2018-02-21,Feb,20180221,2018,75,62.9,51,73,61.6,50,100,95.6,87,30.1,30.0,29.9,0.13
2018-02-22,Feb,20180222,2018,70,60.0,51,68,58.8,50,100,95.8,90,30.1,30.1,30.0,1.61
2018-02-23,Feb,20180223,2018,79,68.5,57,70,64.9,57,100,89.5,64,30.1,30.0,29.9,0.1
2018-02-24,Feb,20180224,2018,80,74.9,73,71,68.9,64,93,82.2,58,29.9,29.8,29.7,0.01
2018-02-25,Feb,20180225,2018,73,60.1,55,71,58.1,51,100,93.3,84,29.9,29.9,29.8,0.17
2018-02-26,Feb,20180226,2018,70,59.9,54,58,55.5,53,100,86.8,61,30.1,30.0,29.9,1.0
2018-02-27,Feb,20180227,2018,81,68.1,60,70,64.2,58,97,87.9,62,30.0,29.9,29.9,0.0
2018-02-28,Feb,20180228,2018,83,75.8,73,70,68.1,63,90,78.1,56,29.9,29.8,29.6,0.0
2018-03-01,Mar,20180301,2018,79,70.7,61,69,59.6,52,90,70.0,40,30.1,29.9,29.6,0.0
2018-03-02,Mar,20180302,2018,72,63.0,56,56,54.1,52,93,74.0,51,30.2,30.1,30.1,0.01
2018-03-03,Mar,20180303,2018,76,64.0,51,61,53.5,47,93,70.8,48,30.1,30.1,30.0,0.0
2018-03-04,Mar,20180304,2018,76,70.2,65,67,65.2,62,97,84.3,71,30.0,29.9,29.8,0.0
2018-03-05,Mar,20180305,2018,80,73.7,68,70,64.1,44,91,73.4,42,29.9,29.8,29.7,0.02
2018-03-06,Mar,20180306,2018,73,63.7,55,43,31.6,21,59,33.1,16,30.1,29.9,29.9,0.0
2018-03-07,Mar,20180307,2018,66,56.6,49,35,28.3,23,53,34.7,25,30.2,30.1,30.1,0.0
2018-03-08,Mar,20180308,2018,66,56.0,48,43,35.5,31,71,48.2,28,30.2,30.1,30.0,0.0
2018-03-09,Mar,20180309,2018,72,61.4,45,60,51.0,42,93,70.7,46,30.0,29.9,29.8,0.0
2018-03-10,Mar,20180310,2018,82,72.7,66,70,67.0,62,97,83.0,58,29.8,29.7,29.6,0.0
2018-03-11,Mar,20180311,2018,79,71.6,61,70,61.6,37,93,72.3,40,30.0,29.8,29.6,0.0
2018-03-12,Mar,20180312,2018,66,56.9,48,41,38.1,35,66,50.4,36,30.2,30.1,30.0,0.01
2018-03-13,Mar,20180313,2018,71,57.0,44,44,39.1,32,89,56.3,27,30.2,30.1,30.1,0.0
2018-03-14,Mar,20180314,2018,71,58.0,44,48,40.0,35,82,54.9,28,30.2,30.1,30.1,0.0
2018-03-15,Mar,20180315,2018,74,62.9,47,62,53.1,46,100,72.9,44,30.1,29.9,29.8,0.0
2018-03-16,Mar,20180316,2018,84,74.5,67,68,66.4,63,90,77.1,53,29.8,29.8,29.7,0.0
2018-03-17,Mar,20180317,2018,82,74.1,70,70,68.1,64,93,82.2,58,29.9,29.8,29.7,0.0
2018-03-18,Mar,20180318,2018,84,74.3,68,70,68.3,67,100,82.7,61,29.8,29.7,29.6,0.0
2018-03-19,Mar,20180319,2018,85,74.5,67,70,53.5,32,96,59.5,15,29.7,29.6,29.5,0.0
2018-03-20,Mar,20180320,2018,72,62.3,53,43,40.1,38,64,45.4,30,29.9,29.9,29.7,0.0
2018-03-21,Mar,20180321,2018,76,61.8,46,48,39.9,28,83,50.0,19,30.1,30.0,30.0,0.0
2018-03-22,Mar,20180322,2018,75,63.3,50,55,50.3,46,93,65.7,38,30.2,30.1,30.1,0.0
2018-03-23,Mar,20180323,2018,80,69.5,55,64,58.8,54,97,70.9,45,30.1,30.0,29.9,0.0
2018-03-24,Mar,20180324,2018,82,74.1,70,67,65.6,64,87,75.2,58,29.9,29.8,29.8,0.0
2018-03-25,Mar,20180325,2018,84,72.5,65,69,66.5,63,100,82.8,55,29.9,29.8,29.8,0.0
2018-03-26,Mar,20180326,2018,83,74.6,69,69,67.5,63,97,79.7,53,29.9,29.8,29.8,0.0
2018-03-27,Mar,20180327,2018,82,74.3,73,71,68.9,66,93,83.5,58,29.9,29.9,29.8,0.0
2018-03-28,Mar,20180328,2018,77,69.8,65,73,67.2,64,100,91.7,76,29.8,29.7,29.6,0.04
2018-03-29,Mar,20180329,2018,80,67.8,60,66,62.1,58,100,84.2,47,29.9,29.7,29.6,2.89
2018-03-30,Mar,20180330,2018,77,67.0,58,63,51.8,47,87,60.5,37,30.1,30.1,30.0,0.0
2018-03-31,Mar,20180331,2018,79,67.3,55,61,57.1,52,100,72.8,47,30.1,30.0,29.9,0.0
2018-04-01,Apr,20180401,2018,81,70.3,61,67,62.3,60,100,78.0,52,29.9,29.9,29.8,0.0
2018-04-02,Apr,20180402,2018,84,74.8,69,69,67.5,65,96,79.5,53,29.8,29.8,29.7,0.0
2018-04-03,Apr,20180403,2018,85,76.8,69,70,67.5,62,87,73.7,55,29.9,29.7,29.6,0.0
2018-04-04,Apr,20180404,2018,73,64.0,55,64,43.4,33,90,51.6,25,30.1,30.0,29.9,0.01
2018-04-05,Apr,20180405,2018,73,64.8,53,67,56.1,44,93,74.0,61,30.1,30.0,29.8,0.0
2018-04-06,Apr,20180406,2018,80,74.6,70,71,69.1,67,93,83.3,71,29.8,29.7,29.6,0.0
2018-04-07,Apr,20180407,2018,74,61.2,48,71,58.9,44,100,91.7,83,29.9,29.7,29.6,0.29
2018-04-08,Apr,20180408,2018,57,50.5,46,53,45.6,41,89,83.3,77,29.9,29.8,29.7,0.0
2018-04-09,Apr,20180409,2018,64,58.3,54,58,55.2,52,100,89.6,78,30.1,29.9,29.7,0.01
2018-04-10,Apr,20180410,2018,78,65.7,54,55,49.6,46,90,59.9,34,30.2,30.1,30.1,0.02
2018-04-11,Apr,20180411,2018,80,65.0,48,57,50.0,46,96,62.5,32,30.1,30.1,29.9,0.0
2018-04-12,Apr,20180412,2018,82,71.4,58,67,62.5,57,100,75.4,52,29.9,29.8,29.7,0.0
2018-04-13,Apr,20180413,2018,83,77.5,72,73,70.3,67,87,78.8,58,29.7,29.6,29.5,0.0
2018-04-14,Apr,20180414,2018,79,61.0,51,72,50.4,35,97,71.0,33,29.9,29.8,29.6,0.28
2018-04-15,Apr,20180415,2018,69,57.0,47,42,34.6,30,71,46.3,23,30.1,30.0,29.9,0.17
2018-04-16,Apr,20180416,2018,80,63.8,45,52,43.1,37,90,52.8,24,30.2,30.1,30.0,0.0
2018-04-17,Apr,20180417,2018,83,71.8,61,63,57.9,53,87,64.6,37,30.0,29.9,29.8,0.0
2018-04-18,Apr,20180418,2018,81,73.3,68,67,64.3,63,90,74.3,56,30.0,29.9,29.8,0.0
2018-04-19,Apr,20180419,2018,77,68.9,60,61,43.3,36,73,41.4,27,30.2,30.1,30.0,0.0
2018-04-20,Apr,20180420,2018,67,59.6,52,53,46.4,41,81,62.4,49,30.2,30.1,30.0,0.0
2018-04-21,Apr,20180421,2018,73,67.9,59,70,64.1,53,100,87.8,78,30.0,29.9,29.8,0.0
2018-04-22,Apr,20180422,2018,72,65.1,58,69,58.8,52,100,81.7,51,29.9,29.9,29.8,1.12
2018-04-23,Apr,20180423,2018,79,66.3,51,55,52.0,49,96,63.6,38,30.0,29.9,29.8,0.0
2018-04-24,Apr,20180424,2018,85,71.5,56,61,57.8,55,97,65.8,38,30.0,29.9,29.9,0.0
2018-04-25,Apr,20180425,2018,85,73.4,61,65,60.8,53,97,67.1,44,30.0,29.9,29.8,0.0
2018-04-26,Apr,20180426,2018,77,65.2,54,54,49.3,45,83,58.9,32,29.9,29.9,29.8,0.0
2018-04-27,Apr,20180427,2018,80,67.2,55,54,51.9,48,89,61.3,35,30.0,29.9,29.9,0.0
2018-04-28,Apr,20180428,2018,83,70.8,57,60,54.4,49,93,60.7,31,30.0,29.9,29.9,0.0
2018-04-29,Apr,20180429,2018,82,71.0,59,63,57.5,53,97,66.1,37,30.0,30.0,29.9,0.0
2018-04-30,Apr,20180430,2018,80,69.8,56,66,62.8,56,100,79.8,52,30.0,30.0,29.9,0.0
2018-05-01,May,20180501,2018,80,74.1,70,70,68.6,66,93,82.9,69,29.9,29.9,29.9,0.0
2018-05-02,May,20180502,2018,85,78.3,74,74,70.9,69,87,78.3,63,29.9,29.9,29.9,0.0
2018-05-03,May,20180503,2018,86,79.0,75,72,70.6,69,90,76.3,57,29.9,29.9,29.9,0.0
2018-05-04,May,20180504,2018,81,74.9,68,74,70.2,65,93,85.3,69,30.0,29.9,29.9,0.0
2018-05-05,May,20180505,2018,82,71.3,65,67,64.2,60,100,80.5,47,30.0,30.0,29.9,1.33
2018-05-06,May,20180506,2018,86,75.3,64,63,59.3,56,90,60.2,36,30.0,30.0,29.9,0.1
2018-05-07,May,20180507,2018,90,78.3,64,63,60.5,56,90,57.5,31,30.1,30.0,29.9,0.0
2018-05-08,May,20180508,2018,90,79.0,65,66,59.7,54,97,55.7,31,30.0,29.9,29.9,0.0
2018-05-09,May,20180509,2018,90,78.1,64,69,60.4,51,100,60.0,28,29.9,29.9,29.9,0.0
2018-05-10,May,20180510,2018,88,77.1,63,69,63.3,57,100,66.3,39,30.0,29.9,29.9,0.0
2018-05-11,May,20180511,2018,89,79.8,72,71,68.2,64,93,70.0,45,29.9,29.9,29.8,0.0
2018-05-12,May,20180512,2018,88,79.5,74,73,71.8,70,93,78.5,57,29.9,29.9,29.8,0.0
2018-05-13,May,20180513,2018,90,80.6,71,74,71.9,70,100,77.0,53,29.9,29.9,29.8,0.0
2018-05-14,May,20180514,2018,91,80.3,70,74,68.9,60,100,71.5,35,29.9,29.9,29.8,0.0
2018-05-15,May,20180515,2018,92,81.0,66,72,66.4,60,100,65.2,34,29.9,29.8,29.7,0.0
2018-05-16,May,20180516,2018,94,82.2,69,71,65.1,58,96,60.0,30,29.9,29.8,29.7,0.0
2018-05-17,May,20180517,2018,96,84.2,73,72,66.8,61,91,58.8,32,29.8,29.7,29.7,0.0
2018-05-18,May,20180518,2018,93,82.0,74,73,70.6,66,97,70.7,42,29.8,29.7,29.7,0.0
2018-05-19,May,20180519,2018,92,82.2,76,73,71.5,68,91,72.2,45,29.8,29.8,29.7,0.0
2018-05-20,May,20180520,2018,85,76.3,68,76,72.4,68,100,88.2,63,29.9,29.9,29.8,0.0
2018-05-21,May,20180521,2018,84,74.3,68,76,70.7,68,100,89.2,65,29.9,29.9,29.8,1.06
2018-05-22,May,20180522,2018,89,77.9,70,75,71.5,70,100,82.2,53,29.9,29.9,29.8,0.39
2018-05-23,May,20180523,2018,83,76.2,71,76,71.8,69,100,87.3,69,29.9,29.9,29.9,0.16
2018-05-24,May,20180524,2018,89,78.8,70,73,71.1,70,100,78.8,57,29.9,29.9,29.9,0.17
2018-05-25,May,20180525,2018,89,80.8,71,76,72.7,71,100,77.6,57,29.9,29.8,29.7,0.0
2018-05-26,May,20180526,2018,93,80.4,69,76,72.4,69,100,78.8,49,29.8,29.7,29.6,0.03
2018-05-27,May,20180527,2018,91,79.4,68,75,72.2,68,100,80.2,55,29.7,29.7,29.7,0.59
2018-05-28,May,20180528,2018,92,83.0,73,75,72.5,70,100,73.1,48,29.7,29.7,29.6,0.0
2018-05-29,May,20180529,2018,94,85.2,77,75,73.0,70,90,68.5,47,29.7,29.6,29.6,0.0
2018-05-30,May,20180530,2018,93,83.7,73,75,73.1,72,100,72.1,50,29.7,29.7,29.6,0.0
2018-05-31,May,20180531,2018,94,84.7,75,76,74.2,73,94,72.0,52,29.8,29.7,29.7,0.0
2018-06-01,Jun,20180601,2018,95,85.3,76,77,74.9,70,97,73.2,44,29.8,29.8,29.7,0.0
2018-06-02,Jun,20180602,2018,95,86.1,78,77,75.1,73,96,71.4,49,29.8,29.8,29.7,0.0
2018-06-03,Jun,20180603,2018,97,83.9,73,76,73.7,69,97,73.8,46,30.0,29.9,29.8,0.0
2018-06-04,Jun,20180604,2018,92,82.8,73,77,72.9,71,96,73.3,54,29.9,29.9,29.8,0.01
2018-06-05,Jun,20180605,2018,97,85.8,77,76,73.7,69,94,69.2,40,29.8,29.8,29.7,0.0
2018-06-06,Jun,20180606,2018,95,83.3,77,80,74.8,71,97,77.6,46,29.8,29.7,29.7,0.0
2018-06-07,Jun,20180607,2018,93,84.0,74,77,73.7,71,100,73.0,52,29.9,29.8,29.7,0.25
2018-06-08,Jun,20180608,2018,95,83.9,75,76,72.2,67,96,70.8,41,30.0,29.9,29.9,0.0
2018-06-09,Jun,20180609,2018,92,82.5,73,76,72.5,68,100,73.7,48,30.0,29.9,29.9,0.0
2018-06-10,Jun,20180610,2018,95,86.2,80,78,73.8,70,91,68.8,44,29.9,29.8,29.7,0.0
2018-06-11,Jun,20180611,2018,94,85.9,81,78,74.2,69,88,70.2,45,29.8,29.8,29.7,0.0
2018-06-12,Jun,20180612,2018,96,86.8,81,77,74.0,70,88,67.5,43,29.9,29.8,29.8,0.0
2018-06-13,Jun,20180613,2018,96,85.3,75,78,73.4,69,100,70.0,41,29.9,29.9,29.8,0.0
2018-06-14,Jun,20180614,2018,94,83.3,76,77,72.8,69,100,72.1,47,29.9,29.9,29.8,0.0
2018-06-15,Jun,20180615,2018,92,84.0,74,77,73.9,72,100,73.3,54,29.9,29.8,29.8,0.0
2018-06-16,Jun,20180616,2018,94,84.9,76,76,73.1,69,97,69.8,44,29.8,29.8,29.8,0.0
2018-06-17,Jun,20180617,2018,87,79.9,77,80,77.4,75,100,92.2,77,29.8,29.8,29.8,0.07
2018-06-18,Jun,20180618,2018,83,77.8,75,78,76.0,75,100,94.3,79,29.9,29.8,29.8,1.21
2018-06-19,Jun,20180619,2018,81,77.0,74,78,75.8,73,100,95.7,88,29.8,29.8,29.7,2.42
2018-06-20,Jun,20180620,2018,87,78.4,75,79,76.5,75,100,94.0,72,29.8,29.7,29.7,0.73
2018-06-21,Jun,20180621,2018,88,80.6,76,79,77.1,76,100,89.5,67,29.8,29.8,29.8,1.43
2018-06-22,Jun,20180622,2018,95,84.6,78,79,77.2,75,100,80.4,54,29.8,29.8,29.7,0.0
2018-06-23,Jun,20180623,2018,94,84.7,77,78,76.3,75,96,77.2,54,29.8,29.7,29.7,0.0
2018-06-24,Jun,20180624,2018,93,85.1,79,78,75.8,71,94,75.2,55,29.8,29.8,29.8,0.0
2018-06-25,Jun,20180625,2018,90,83.5,76,79,76.3,73,96,79.6,59,29.9,29.9,29.8,0.0
2018-06-26,Jun,20180626,2018,93,84.8,76,77,75.7,73,100,75.6,52,29.9,29.9,29.8,0.51
2018-06-27,Jun,20180627,2018,95,86.0,78,77,74.9,71,94,71.3,49,29.9,29.9,29.8,0.0
2018-06-28,Jun,20180628,2018,93,86.2,80,78,75.7,72,90,71.9,52,29.9,29.9,29.8,0.0
2018-06-29,Jun,20180629,2018,95,86.0,79,78,75.3,72,94,71.9,49,29.9,29.9,29.8,0.01
2018-06-30,Jun,20180630,2018,95,85.5,80,78,75.5,71,91,74.1,46,29.9,29.9,29.8,0.0
2018-07-01,Jul,20180701,2018,96,86.0,76,77,75.1,71,97,71.6,44,29.9,29.8,29.8,0.0
2018-07-02,Jul,20180702,2018,96,86.0,78,77,74.7,71,93,70.7,46,29.9,29.9,29.8,0.0
2018-07-03,Jul,20180703,2018,96,84.7,76,78,73.8,70,100,72.1,46,29.9,29.8,29.8,0.0
2018-07-04,Jul,20180704,2018,78,75.5,72,77,74.0,72,100,95.4,84,30.0,29.9,29.8,0.04
2018-07-05,Jul,20180705,2018,93,82.0,72,76,73.5,71,100,77.8,49,30.1,30.0,29.9,4.15
2018-07-06,Jul,20180706,2018,92,82.2,74,77,74.6,72,100,79.8,53,30.0,30.0,29.9,0.05
2018-07-07,Jul,20180707,2018,93,80.9,74,76,74.7,73,100,83.2,52,30.0,29.9,29.9,0.03
2018-07-08,Jul,20180708,2018,86,77.8,74,76,75.1,74,100,91.6,67,30.0,29.9,29.9,0.0
2018-07-09,Jul,20180709,2018,86,79.3,75,78,75.3,72,100,88.2,69,30.1,30.0,30.0,0.19
2018-07-10,Jul,20180710,2018,93,83.0,74,77,74.5,72,100,77.6,50,30.1,30.0,29.9,0.0
2018-07-11,Jul,20180711,2018,96,84.9,77,78,75.3,71,96,74.8,44,30.0,29.9,29.9,0.0
2018-07-12,Jul,20180712,2018,95,84.1,78,77,75.3,72,96,76.3,49,30.0,29.9,29.9,0.0
2018-07-13,Jul,20180713,2018,93,84.8,76,78,74.7,71,100,73.6,50,30.0,29.9,29.9,0.0
2018-07-14,Jul,20180714,2018,93,84.9,77,78,75.7,73,96,75.2,52,30.0,29.9,29.9,0.0
2018-07-15,Jul,20180715,2018,94,86.4,77,79,75.8,73,100,72.2,52,29.9,29.9,29.8,0.02
2018-07-16,Jul,20180716,2018,96,86.6,76,78,75.1,70,100,71.0,46,30.0,29.9,29.9,0.0
2018-07-17,Jul,20180717,2018,96,85.6,78,78,75.2,71,96,73.6,44,30.0,29.9,29.9,0.0
2018-07-18,Jul,20180718,2018,96,87.5,79,78,75.8,72,94,70.1,46,29.9,29.9,29.8,0.0
2018-07-19,Jul,20180719,2018,98,87.0,80,78,75.8,70,94,71.9,40,29.8,29.8,29.8,0.0
2018-07-20,Jul,20180720,2018,98,87.8,80,79,75.1,70,94,69.2,40,29.9,29.8,29.8,0.0
2018-07-21,Jul,20180721,2018,98,88.0,81,79,76.0,71,94,70.0,42,29.9,29.9,29.8,0.0
2018-07-22,Jul,20180722,2018,98,87.5,80,79,74.6,66,94,69.2,35,29.9,29.8,29.7,0.0
2018-07-23,Jul,20180723,2018,100,88.7,80,79,73.6,68,91,64.2,35,29.8,29.8,29.7,0.0
2018-07-24,Jul,20180724,2018,95,86.4,79,80,73.4,69,91,66.6,43,29.9,29.8,29.8,0.0
2018-07-25,Jul,20180725,2018,96,85.2,75,73,69.6,65,91,62.8,36,29.9,29.9,29.8,0.0
2018-07-26,Jul,20180726,2018,100,87.1,75,72,69.1,65,87,57.7,34,29.9,29.9,29.8,0.0
2018-07-27,Jul,20180727,2018,99,87.3,76,72,69.5,66,85,58.1,35,29.9,29.9,29.9,0.0
2018-07-28,Jul,20180728,2018,97,87.2,78,77,73.8,69,94,66.7,40,29.9,29.9,29.8,0.0
2018-07-29,Jul,20180729,2018,98,88.2,80,79,74.3,69,94,66.2,39,29.9,29.9,29.8,0.0
2018-07-30,Jul,20180730,2018,97,87.7,80,78,75.3,69,91,68.4,40,29.9,29.8,29.8,0.0
2018-07-31,Jul,20180731,2018,87,79.4,73,80,75.8,72,100,89.1,72,29.9,29.9,29.8,0.0
2018-08-01,Aug,20180801,2018,94,82.5,72,75,69.0,63,100,68.5,38,29.9,29.8,29.8,1.56
2018-08-02,Aug,20180802,2018,95,83.2,72,72,68.2,61,93,64.2,33,29.9,29.9,29.8,0.0
2018-08-03,Aug,20180803,2018,94,83.8,74,74,70.5,64,94,67.4,37,29.9,29.9,29.8,0.0
2018-08-04,Aug,20180804,2018,90,81.3,75,80,75.3,70,100,82.9,61,29.9,29.9,29.9,0.0
2018-08-05,Aug,20180805,2018,91,82.7,74,77,74.9,72,100,78.8,53,30.0,30.0,29.9,0.04
2018-08-06,Aug,20180806,2018,89,82.0,76,79,76.8,75,100,84.9,63,30.0,29.9,29.9,0.04
2018-08-07,Aug,20180807,2018,93,82.3,76,79,76.0,71,100,82.9,49,30.0,29.9,29.8,0.47
2018-08-08,Aug,20180808,2018,96,82.6,77,77,74.8,72,96,78.8,46,29.9,29.9,29.8,0.0
2018-08-09,Aug,20180809,2018,94,82.3,75,79,76.2,73,100,83.6,51,29.9,29.9,29.8,0.0
2018-08-10,Aug,20180810,2018,96,82.2,75,79,75.3,70,100,82.3,46,29.9,29.9,29.8,0.01
2018-08-11,Aug,20180811,2018,91,80.3,75,79,77.0,74,100,90.1,63,29.9,29.9,29.9,0.0
2018-08-12,Aug,20180812,2018,92,83.0,76,79,76.1,73,100,80.8,59,29.9,29.9,29.9,0.09
2018-08-13,Aug,20180813,2018,94,84.9,77,79,75.4,72,100,75.1,49,29.9,29.9,29.8,0.0
2018-08-14,Aug,20180814,2018,95,84.4,75,78,75.1,72,100,75.4,47,29.9,29.9,29.8,0.0
2018-08-15,Aug,20180815,2018,94,85.0,77,78,76.5,74,100,77.2,52,29.9,29.9,29.8,0.0
2018-08-16,Aug,20180816,2018,97,85.9,77,79,76.9,71,100,75.8,47,30.0,29.9,29.9,0.0
2018-08-17,Aug,20180817,2018,97,86.4,77,79,76.5,73,100,74.0,46,30.0,29.9,29.9,0.0
2018-08-18,Aug,20180818,2018,96,86.6,79,78,76.5,73,94,73.3,47,29.9,29.9,29.8,0.0
2018-08-19,Aug,20180819,2018,97,87.2,80,78,75.8,70,94,71.1,44,29.8,29.8,29.7,0.0
2018-08-20,Aug,20180820,2018,96,86.8,81,78,76.5,75,91,73.0,51,29.9,29.9,29.8,0.0
2018-08-21,Aug,20180821,2018,98,85.2,77,80,76.8,73,100,78.4,44,30.0,29.9,29.9,0.0
2018-08-22,Aug,20180822,2018,98,87.1,77,79,75.0,72,94,69.4,44,30.0,30.0,29.9,0.05
2018-08-23,Aug,20180823,2018,95,85.8,78,78,75.4,72,97,72.6,47,30.0,29.9,29.8,0.0
2018-08-24,Aug,20180824,2018,95,85.7,77,77,74.6,72,96,70.8,49,29.9,29.8,29.8,0.0
2018-08-25,Aug,20180825,2018,96,87.5,78,77,76.1,75,93,69.8,52,29.9,29.9,29.9,0.0
2018-08-26,Aug,20180826,2018,93,84.7,77,79,76.5,74,100,78.1,54,29.9,29.9,29.9,0.0
2018-08-27,Aug,20180827,2018,92,84.6,77,78,76.8,75,97,78.5,58,29.9,29.9,29.8,0.0
2018-08-28,Aug,20180828,2018,95,84.7,77,78,77.0,72,100,78.6,54,29.9,29.9,29.8,0.0
2018-08-29,Aug,20180829,2018,87,80.1,74,79,76.0,73,100,87.5,72,30.0,29.9,29.9,0.0
2018-08-30,Aug,20180830,2018,92,82.7,73,78,74.6,73,100,78.4,54,29.9,29.9,29.8,0.01
2018-08-31,Aug,20180831,2018,95,84.3,75,77,75.1,73,100,76.0,49,29.9,29.8,29.8,0.0
2018-09-01,Sep,20180901,2018,90,81.5,77,78,76.8,75,100,86.1,63,29.8,29.8,29.7,0.0
2018-09-02,Sep,20180902,2018,84,78.1,76,78,77.0,75,100,96.4,79,29.8,29.8,29.7,0.19
2018-09-03,Sep,20180903,2018,78,76.6,75,78,76.4,75,100,99.2,96,29.9,29.8,29.8,0.67
2018-09-04,Sep,20180904,2018,87,79.6,76,79,77.0,76,100,92.4,72,29.9,29.9,29.8,0.33
2018-09-05,Sep,20180905,2018,91,82.7,76,77,75.9,73,100,81.3,57,29.9,29.9,29.8,0.26
2018-09-06,Sep,20180906,2018,92,83.1,76,78,75.7,72,100,79.8,52,29.9,29.9,29.8,0.0
2018-09-07,Sep,20180907,2018,90,82.3,76,80,76.3,73,100,82.7,61,29.9,29.9,29.8,0.0
2018-09-08,Sep,20180908,2018,92,81.0,75,78,75.4,71,100,85.3,50,29.8,29.8,29.7,1.33
2018-09-09,Sep,20180909,2018,89,77.9,74,78,75.0,73,100,91.8,63,29.8,29.7,29.7,0.04
2018-09-10,Sep,20180910,2018,80,75.9,74,77,75.0,73,100,96.9,87,29.8,29.8,29.8,0.01
2018-09-11,Sep,20180911,2018,79,75.6,73,76,74.6,73,100,97.0,84,29.9,29.8,29.8,0.48
2018-09-12,Sep,20180912,2018,85,79.1,75,77,75.5,74,100,89.0,69,29.9,29.9,29.8,0.03
2018-09-13,Sep,20180913,2018,85,79.0,75,77,75.4,74,100,88.9,72,29.9,29.8,29.8,0.46
2018-09-14,Sep,20180914,2018,78,76.2,75,77,75.4,75,100,97.4,90,29.9,29.8,29.8,0.56
2018-09-15,Sep,20180915,2018,91,80.6,74,78,75.4,71,100,85.8,57,29.9,29.8,29.8,0.66
2018-09-16,Sep,20180916,2018,94,83.2,73,79,75.9,73,100,80.7,52,29.9,29.8,29.8,0.0
2018-09-17,Sep,20180917,2018,95,84.3,77,78,75.0,73,94,75.0,49,29.9,29.8,29.8,0.0
2018-09-18,Sep,20180918,2018,95,85.9,78,78,75.6,73,93,72.5,50,29.9,29.8,29.8,0.0
2018-09-19,Sep,20180919,2018,93,84.4,77,77,75.6,74,96,76.2,54,29.9,29.8,29.8,0.0
2018-09-20,Sep,20180920,2018,88,79.7,75,80,76.6,70,100,90.7,69,29.9,29.8,29.8,0.0
2018-09-21,Sep,20180921,2018,87,79.9,74,81,78.3,73,100,95.2,77,29.9,29.8,29.8,0.69
2018-09-22,Sep,20180922,2018,85,78.5,74,81,77.6,73,100,97.0,82,29.8,29.8,29.8,0.41
2018-09-23,Sep,20180923,2018,83,76.0,71,78,71.7,69,100,87.5,67,29.8,29.8,29.7,1.22
2018-09-24,Sep,20180924,2018,89,79.3,71,75,71.8,70,100,79.5,55,29.8,29.8,29.7,0.0
2018-09-25,Sep,20180925,2018,89,80.4,73,78,75.7,73,100,86.4,65,29.9,29.8,29.8,0.0
2018-09-26,Sep,20180926,2018,87,78.8,74,78,76.0,74,100,91.4,69,29.9,29.9,29.8,0.17
2018-09-27,Sep,20180927,2018,80,73.9,70,75,70.2,68,100,88.8,74,29.9,29.9,29.8,0.24
2018-09-28,Sep,20180928,2018,81,74.8,69,76,72.4,68,100,92.3,79,30.0,29.9,29.9,0.0
2018-09-29,Sep,20180929,2018,78,75.0,72,76,74.2,72,100,97.5,87,30.0,30.0,29.9,0.0
2018-09-30,Sep,20180930,2018,84,76.4,72,75,74.0,72,100,92.6,74,30.0,30.0,29.9,0.83
2018-10-01,Oct,20181001,2018,84,76.1,72,77,73.8,72,100,93.1,74,30.1,30.0,29.9,0.0
2018-10-02,Oct,20181002,2018,89,78.3,72,79,75.1,72,100,90.8,67,30.0,30.0,29.9,0.9
2018-10-03,Oct,20181003,2018,89,80.7,75,79,77.0,75,100,89.5,70,29.9,29.9,29.8,0.0
2018-10-04,Oct,20181004,2018,90,80.8,74,79,75.2,73,100,84.8,57,29.9,29.9,29.8,0.03
2018-10-05,Oct,20181005,2018,89,80.1,75,80,76.2,75,100,88.9,65,29.9,29.9,29.8,0.0
2018-10-06,Oct,20181006,2018,90,81.8,74,78,75.3,73,100,82.3,57,29.9,29.8,29.8,0.0
2018-10-07,Oct,20181007,2018,89,80.8,75,79,76.3,73,100,87.0,65,29.9,29.8,29.8,0.0
2018-10-08,Oct,20181008,2018,86,79.3,73,79,75.2,73,100,88.0,67,29.8,29.7,29.7,0.02
2018-10-09,Oct,20181009,2018,88,78.8,72,79,75.5,71,100,90.5,67,29.7,29.6,29.5,0.34
2018-10-10,Oct,20181010,2018,85,75.3,69,72,69.9,66,100,84.7,60,29.8,29.7,29.6,0.1
2018-10-11,Oct,20181011,2018,81,71.3,63,66,60.5,56,97,71.1,47,30.0,29.9,29.8,0.0
2018-10-12,Oct,20181012,2018,83,71.9,61,71,65.0,58,97,80.1,60,29.9,29.8,29.8,0.0
2018-10-13,Oct,20181013,2018,89,79.8,70,75,72.3,70,100,79.9,53,29.8,29.7,29.6,0.0
2018-10-14,Oct,20181014,2018,91,82.0,75,76,74.2,71,100,78.6,53,29.8,29.7,29.7,0.0
2018-10-15,Oct,20181015,2018,77,64.5,55,76,63.7,54,100,97.3,93,30.0,29.9,29.8,0.0
2018-10-16,Oct,20181016,2018,60,58.3,57,59,57.5,55,100,97.2,90,30.0,30.0,29.9,0.97
2018-10-17,Oct,20181017,2018,64,59.7,56,61,58.1,55,100,94.7,86,30.1,30.1,30.0,0.0
2018-10-18,Oct,20181018,2018,73,63.2,56,64,58.8,53,100,86.0,70,30.2,30.1,30.1,1.02
2018-10-19,Oct,20181019,2018,81,72.7,64,75,69.0,60,100,88.4,74,30.1,30.0,29.9,0.0
2018-10-20,Oct,20181020,2018,72,67.3,64,68,66.1,62,100,95.8,87,30.1,30.0,29.9,0.55
2018-10-21,Oct,20181021,2018,72,64.5,59,61,53.5,48,93,69.8,44,30.1,30.1,30.1,0.03
2018-10-22,Oct,20181022,2018,65,58.8,52,55,51.4,46,87,76.5,63,30.1,30.0,30.0,0.0
2018-10-23,Oct,20181023,2018,64,59.0,54,58,55.0,52,97,86.8,75,30.1,30.0,30.0,0.02
2018-10-24,Oct,20181024,2018,69,64.9,62,67,63.3,58,100,94.6,84,30.0,29.9,29.8,0.38
2018-10-25,Oct,20181025,2018,67,64.1,59,65,61.0,57,100,90.4,73,29.8,29.8,29.7,0.4
2018-10-26,Oct,20181026,2018,74,63.0,54,59,57.0,54,100,82.8,59,29.9,29.8,29.8,0.0
2018-10-27,Oct,20181027,2018,82,67.4,54,62,58.1,54,100,76.0,42,30.0,29.9,29.9,0.0
2018-10-28,Oct,20181028,2018,85,71.6,60,68,63.3,58,100,77.9,41,30.1,30.0,30.0,0.0
2018-10-29,Oct,20181029,2018,85,71.7,60,70,62.9,58,100,77.5,44,30.1,30.0,29.9,0.0
2018-10-30,Oct,20181030,2018,83,74.8,65,70,67.1,65,100,78.8,54,29.9,29.9,29.8,0.0
2018-10-31,Oct,20181031,2018,76,70.5,64,75,69.3,64,100,96.0,82,29.8,29.7,29.6,0.0
2018-11-01,Nov,20181101,2018,68,60.9,55,64,53.5,47,100,78.6,49,29.9,29.8,29.6,2.26
2018-11-02,Nov,20181102,2018,72,59.5,48,50,47.7,44,100,68.6,37,30.0,29.9,29.9,0.0
2018-11-03,Nov,20181103,2018,77,66.7,51,64,55.9,48,96,69.4,50,29.9,29.9,29.8,0.0
2018-11-04,Nov,20181104,2018,73,65.9,60,67,61.8,58,100,87.5,64,30.0,29.9,29.8,0.0
2018-11-05,Nov,20181105,2018,84,73.1,61,76,69.5,61,100,89.5,67,29.8,29.7,29.6,0.71
2018-11-06,Nov,20181106,2018,86,78.7,74,77,75.5,73,100,90.4,65,29.8,29.8,29.7,0.03
2018-11-07,Nov,20181107,2018,89,78.3,71,77,74.7,69,100,89.5,61,29.8,29.8,29.7,0.0
2018-11-08,Nov,20181108,2018,70,66.5,64,70,65.8,64,100,97.3,90,29.9,29.9,29.8,0.0
2018-11-09,Nov,20181109,2018,64,55.6,49,64,53.1,44,100,91.5,77,30.2,30.1,29.9,0.13
2018-11-10,Nov,20181110,2018,50,48.3,47,44,41.1,36,86,76.5,63,30.3,30.2,30.1,0.03
2018-11-11,Nov,20181111,2018,57,52.0,46,54,49.2,44,100,90.5,77,30.1,30.0,29.9,0.0
2018-11-12,Nov,20181112,2018,54,50.9,43,54,49.4,38,100,94.8,82,30.2,29.9,29.8,0.13
2018-11-13,Nov,20181113,2018,42,38.8,34,37,31.3,29,83,74.6,67,30.4,30.3,30.2,0.06
2018-11-14,Nov,20181114,2018,53,40.5,31,30,26.0,19,89,60.8,26,30.4,30.3,30.2,0.0
2018-11-15,Nov,20181115,2018,60,45.4,31,40,32.8,26,96,66.4,32,30.3,30.2,30.1,0.0
2018-11-16,Nov,20181116,2018,69,53.3,38,46,42.2,38,100,71.1,33,30.1,30.1,30.0,0.0
2018-11-17,Nov,20181117,2018,72,59.2,45,56,52.7,45,100,81.5,51,30.1,30.0,30.0,0.0
2018-11-18,Nov,20181118,2018,67,57.1,50,60,55.8,50,100,95.8,79,30.1,30.0,30.0,0.0
2018-11-19,Nov,20181119,2018,51,49.1,46,50,47.9,45,100,95.7,89,30.1,30.1,30.0,0.3
2018-11-20,Nov,20181120,2018,62,51.7,44,46,43.1,41,93,74.6,48,30.2,30.2,30.1,0.01
2018-11-21,Nov,20181121,2018,61,51.3,42,53,45.6,41,100,82.8,50,30.3,30.2,30.1,0.0
2018-11-22,Nov,20181122,2018,66,55.0,49,51,48.3,44,100,80.8,47,30.2,30.1,30.0,0.18
2018-11-23,Nov,20181123,2018,78,62.0,51,67,58.2,50,100,88.0,66,30.0,29.8,29.7,0.0
2018-11-24,Nov,20181124,2018,76,60.0,48,64,54.4,48,100,85.6,38,29.8,29.7,29.6,0.01
2018-11-25,Nov,20181125,2018,75,66.2,51,67,55.5,34,100,72.4,36,30.0,29.8,29.6,0.0
2018-11-26,Nov,20181126,2018,58,48.3,42,34,32.1,29,70,55.0,33,30.2,30.1,30.1,0.0
2018-11-27,Nov,20181127,2018,62,48.0,35,41,34.7,29,96,64.6,29,30.2,30.1,30.0,0.0
2018-11-28,Nov,20181128,2018,69,58.8,42,61,52.3,41,100,80.6,63,30.0,29.9,29.8,0.0
2018-11-29,Nov,20181129,2018,76,70.0,67,71,67.3,62,100,91.6,74,29.8,29.8,29.7,0.0
2018-11-30,Nov,20181130,2018,79,72.7,69,73,70.2,69,100,92.3,72,29.8,29.7,29.5,0.16
2018-12-01,Dec,20181201,2018,79,70.7,55,72,55.5,39,93,64.3,24,29.6,29.6,29.5,0.01
2018-12-02,Dec,20181202,2018,78,62.9,50,50,45.8,40,93,58.4,25,29.8,29.7,29.6,0.0
2018-12-03,Dec,20181203,2018,67,56.5,48,46,40.9,38,77,57.8,37,30.1,30.0,29.8,0.0
2018-12-04,Dec,20181204,2018,61,49.8,41,39,37.5,36,86,64.5,41,30.3,30.2,30.1,0.0
2018-12-05,Dec,20181205,2018,59,47.8,39,41,35.3,30,89,65.5,33,30.4,30.3,30.2,0.0
2018-12-06,Dec,20181206,2018,62,56.0,44,61,53.5,42,100,91.2,83,30.2,30.1,30.1,0.0
2018-12-07,Dec,20181207,2018,75,63.3,54,69,62.4,54,100,96.9,76,30.1,30.0,29.9,0.03
2018-12-08,Dec,20181208,2018,55,48.3,44,55,46.9,42,100,95.2,86,30.1,29.9,29.8,4.61
2018-12-09,Dec,20181209,2018,48,45.2,43,42,41.4,40,93,86.5,80,30.2,30.2,30.1,0.09
2018-12-10,Dec,20181210,2018,59,46.5,39,40,36.5,31,97,72.2,36,30.3,30.3,30.2,0.0
2018-12-11,Dec,20181211,2018,63,48.7,35,48,40.7,35,100,77.9,38,30.3,30.2,30.1,0.0
2018-12-12,Dec,20181212,2018,69,62.8,50,60,56.0,48,93,79.2,68,30.1,29.9,29.8,0.0
2018-12-13,Dec,20181213,2018,73,65.5,49,67,58.7,39,100,80.1,52,29.7,29.6,29.6,0.68
2018-12-14,Dec,20181214,2018,51,47.7,45,45,43.1,40,97,84.6,71,29.9,29.8,29.7,0.01
2018-12-15,Dec,20181215,2018,65,53.6,47,46,39.6,35,89,61.6,37,30.1,30.0,30.0,0.0
2018-12-16,Dec,20181216,2018,66,52.7,40,50,44.7,36,96,75.7,54,30.2,30.2,30.1,0.0
2018-12-17,Dec,20181217,2018,70,57.0,48,54,50.1,43,100,81.2,38,30.2,30.1,30.1,0.0
2018-12-18,Dec,20181218,2018,61,54.5,47,57,53.0,47,100,95.2,83,30.1,30.0,29.9,0.0
2018-12-19,Dec,20181219,2018,58,54.8,50,56,54.2,50,100,97.7,87,29.8,29.7,29.6,0.08
2018-12-20,Dec,20181220,2018,64,56.8,53,55,44.4,31,100,69.1,33,29.9,29.7,29.7,0.07
2018-12-21,Dec,20181221,2018,64,52.6,45,39,32.7,28,68,48.6,27,30.0,29.9,29.8,0.0
2018-12-22,Dec,20181222,2018,76,62.4,42,63,52.7,37,93,72.3,45,29.9,29.9,29.8,0.0
2018-12-23,Dec,20181223,2018,69,60.3,49,62,50.9,41,100,75.3,36,30.2,30.1,29.9,0.0
2018-12-24,Dec,20181224,2018,64,56.8,46,60,50.4,40,100,79.9,56,30.2,30.1,30.0,0.0
2018-12-25,Dec,20181225,2018,71,63.6,60,64,61.9,60,100,94.6,75,30.0,30.0,30.0,0.0
2018-12-26,Dec,20181226,2018,70,66.0,62,69,64.9,61,100,96.3,87,29.9,29.8,29.6,0.0
2018-12-27,Dec,20181227,2018,73,61.4,54,70,56.3,47,100,85.0,47,29.8,29.7,29.6,1.3
2018-12-28,Dec,20181228,2018,61,53.7,45,46,41.9,40,83,65.7,46,30.0,29.9,29.8,0.4
2018-12-29,Dec,20181229,2018,52,49.6,47,43,41.7,39,80,74.4,66,30.1,30.0,30.0,0.0
2018-12-30,Dec,20181230,2018,49,47.1,45,49,45.4,41,100,94.3,80,30.0,29.9,29.7,0.0
2018-12-31,Dec,20181231,2018,58,49.9,45,51,48.2,45,100,94.3,70,29.9,29.8,29.7,0.32
2019-01-01,Jan,20190101,2019,65,50.7,40,50,45.5,40,100,84.8,52,30.1,30.0,29.9,0.03
2019-01-02,Jan,20190102,2019,56,52.3,50,54,50.7,48,100,94.4,77,30.1,29.9,29.8,0.0
2019-01-03,Jan,20190103,2019,56,48.8,40,56,47.6,37,100,95.7,82,29.9,29.9,29.8,1.47
2019-01-04,Jan,20190104,2019,61,47.7,37,46,41.5,36,100,80.8,56,30.0,29.9,29.9,0.16
2019-01-05,Jan,20190105,2019,72,53.7,38,52,44.5,38,100,77.1,31,30.1,30.0,30.0,0.0
2019-01-06,Jan,20190106,2019,72,58.9,43,60,54.6,43,100,87.3,61,30.1,30.0,29.9,0.0
2019-01-07,Jan,20190107,2019,74,67.7,61,63,61.1,60,97,80.1,66,30.0,30.0,29.9,0.0
2019-01-08,Jan,20190108,2019,78,66.1,56,65,61.3,56,100,85.8,56,30.2,30.1,30.0,0.0
2019-01-09,Jan,20190109,2019,64,56.3,45,58,39.9,33,90,57.3,34,30.4,30.3,30.2,0.0
2019-01-10,Jan,20190110,2019,61,50.8,40,41,35.5,30,89,59.5,33,30.3,30.2,30.1,0.0
2019-01-11,Jan,20190111,2019,66,55.3,43,58,48.5,41,100,79.7,54,30.1,30.0,29.8,0.0
2019-01-12,Jan,20190112,2019,66,59.9,47,62,53.6,37,100,81.9,48,30.1,29.9,29.8,0.61
2019-01-13,Jan,20190113,2019,59,48.3,41,40,37.8,37,86,68.2,49,30.3,30.2,30.1,0.0
2019-01-14,Jan,20190114,2019,56,45.6,37,39,37.2,34,89,73.8,51,30.4,30.3,30.2,0.0
2019-01-15,Jan,20190115,2019,54,48.1,43,45,40.8,38,86,76.2,61,30.3,30.2,30.2,0.0
2019-01-16,Jan,20190116,2019,61,55.8,49,60,53.3,46,100,91.8,78,30.2,30.1,30.1,0.0
2019-01-17,Jan,20190117,2019,69,61.9,55,63,59.2,55,100,91.4,68,30.1,30.0,30.0,0.07
2019-01-18,Jan,20190118,2019,71,62.3,52,68,61.0,52,100,95.6,87,30.0,29.9,29.7,0.0
2019-01-19,Jan,20190119,2019,71,54.1,38,67,45.0,28,100,72.5,50,30.2,29.9,29.6,0.5
2019-01-20,Jan,20190120,2019,54,40.9,32,36,28.8,25,93,64.1,38,30.3,30.2,30.1,0.0
2019-01-21,Jan,20190121,2019,62,50.4,35,53,43.8,33,96,79.5,58,30.2,30.1,29.9,0.0
2019-01-22,Jan,20190122,2019,72,66.9,61,66,59.4,52,97,77.5,63,29.9,29.8,29.7,0.0
2019-01-23,Jan,20190123,2019,67,43.8,36,66,37.7,29,97,80.6,51,30.0,29.9,29.8,0.72
2019-01-24,Jan,20190124,2019,59,44.1,31,36,31.0,27,100,65.0,29,30.2,30.1,30.0,0.23
2019-01-25,Jan,20190125,2019,61,48.0,35,41,36.3,31,96,68.2,32,30.3,30.2,30.1,0.0
2019-01-26,Jan,20190126,2019,65,52.7,41,54,47.9,40,100,85.6,52,30.1,30.1,30.0,0.0
2019-01-27,Jan,20190127,2019,66,54.4,47,52,46.6,39,100,78.1,40,30.1,30.0,29.9,0.03
2019-01-28,Jan,20190128,2019,72,58.1,47,54,48.9,44,100,74.1,41,30.0,29.8,29.7,0.0
2019-01-29,Jan,20190129,2019,52,44.2,37,46,25.1,18,93,49.8,26,30.2,30.1,30.0,0.15
2019-01-30,Jan,20190130,2019,50,45.3,39,39,28.4,18,79,54.3,31,30.2,30.1,30.1,0.0
2019-01-31,Jan,20190131,2019,58,53.1,46,56,50.0,39,100,89.5,74,30.1,30.0,30.0,0.0
2019-02-01,Feb,20190201,2019,69,60.1,55,62,58.5,55,100,94.7,78,30.1,30.0,30.0,0.14
2019-02-02,Feb,20190202,2019,67,60.2,56,61,58.8,55,100,95.2,79,30.1,30.0,29.9,0.01
2019-02-03,Feb,20190203,2019,70,64.9,59,68,64.2,59,100,97.6,90,29.9,29.8,29.8,0.05
2019-02-04,Feb,20190204,2019,77,70.4,66,70,67.9,66,100,92.4,74,29.8,29.8,29.8,0.01
2019-02-05,Feb,20190205,2019,77,71.6,68,70,68.9,67,100,91.5,76,29.9,29.8,29.8,0.0
2019-02-06,Feb,20190206,2019,80,74.5,71,71,69.3,67,100,84.7,64,29.9,29.8,29.7,0.0
2019-02-07,Feb,20190207,2019,75,63.9,44,70,57.3,32,93,79.9,57,30.3,29.9,29.8,0.0
2019-02-08,Feb,20190208,2019,43,39.7,37,33,27.7,25,73,62.5,51,30.4,30.4,30.3,0.02
2019-02-09,Feb,20190209,2019,45,41.6,38,36,32.1,29,76,69.2,60,30.4,30.3,30.2,0.0
2019-02-10,Feb,20190210,2019,69,58.9,44,64,54.3,37,100,85.1,72,30.2,30.0,29.9,0.0
2019-02-11,Feb,20190211,2019,75,68.7,64,70,67.3,64,100,95.5,71,29.9,29.8,29.7,0.1
2019-02-12,Feb,20190212,2019,67,60.0,48,67,45.2,34,100,60.9,30,30.2,30.0,29.8,0.24
2019-02-13,Feb,20190213,2019,65,52.4,38,48,40.1,35,97,66.1,37,30.2,30.1,30.0,0.0
2019-02-14,Feb,20190214,2019,77,63.5,52,61,55.8,50,100,78.3,50,29.9,29.8,29.7,0.0
2019-02-15,Feb,20190215,2019,78,68.3,60,66,63.9,60,100,86.5,62,29.7,29.7,29.6,0.0
2019-02-16,Feb,20190216,2019,69,63.1,57,67,59.8,53,100,89.3,72,29.7,29.6,29.6,0.01
2019-02-17,Feb,20190217,2019,70,60.3,50,69,55.9,40,100,86.2,58,29.9,29.7,29.5,0.01
2019-02-18,Feb,20190218,2019,65,53.8,46,40,36.3,34,74,53.4,33,30.1,30.0,29.9,0.06
2019-02-19,Feb,20190219,2019,50,47.9,46,49,44.8,35,100,90.6,57,30.0,29.8,29.7,0.0
2019-02-20,Feb,20190220,2019,65,52.0,46,47,44.7,43,100,78.8,45,29.9,29.8,29.8,0.27
2019-02-21,Feb,20190221,2019,54,51.8,50,53,49.9,45,100,93.7,72,29.9,29.8,29.8,0.0
2019-02-22,Feb,20190222,2019,71,61.2,50,71,60.9,50,100,98.9,93,29.9,29.8,29.7,0.19
2019-02-23,Feb,20190223,2019,77,70.6,61,72,59.0,29,100,71.5,30,30.0,29.8,29.7,0.0
2019-02-24,Feb,20190224,2019,68,58.0,49,36,34.1,31,61,42.1,26,30.2,30.1,30.0,0.0
2019-02-25,Feb,20190225,2019,60,53.7,47,53,43.9,33,97,71.7,46,30.2,30.1,30.1,0.0
2019-02-26,Feb,20190226,2019,62,58.4,53,62,58.3,53,100,99.6,97,30.1,30.0,29.9,0.03
2019-02-27,Feb,20190227,2019,70,64.7,60,69,64.7,60,100,99.9,97,30.0,29.9,29.9,0.56
2019-02-28,Feb,20190228,2019,67,51.7,45,67,51.2,44,100,98.4,93,30.0,29.9,29.9,0.03
2019-03-01,Mar,20190301,2019,61,53.1,45,58,50.9,45,100,92.4,80,30.0,29.9,29.9,0.14
2019-03-02,Mar,20190302,2019,72,62.7,55,66,60.5,55,100,92.7,75,30.0,29.9,29.8,0.0
2019-03-03,Mar,20190303,2019,64,54.6,43,64,52.4,37,100,92.6,79,30.1,29.9,29.8,0.08
2019-03-04,Mar,20190304,2019,42,37.4,36,36,29.1,23,86,72.7,59,30.3,30.2,30.1,0.0
2019-03-05,Mar,20190305,2019,50,39.3,30,27,20.7,15,69,49.3,31,30.4,30.3,30.3,0.0
2019-03-06,Mar,20190306,2019,57,46.6,33,43,31.3,24,74,57.3,33,30.4,30.3,30.1,0.0
2019-03-07,Mar,20190307,2019,71,62.3,51,67,59.4,44,100,90.1,77,30.1,30.0,29.9,0.0
2019-03-08,Mar,20190308,2019,82,74.1,68,71,69.3,67,97,85.5,67,29.9,29.8,29.7,0.01
2019-03-09,Mar,20190309,2019,81,74.7,71,70,69.1,67,96,83.6,64,29.8,29.7,29.7,0.0
2019-03-10,Mar,20190310,2019,82,72.5,66,71,69.1,66,100,89.8,69,29.9,29.9,29.8,0.0
2019-03-11,Mar,20190311,2019,82,71.7,66,72,68.2,63,100,89.6,67,30.1,30.0,29.9,0.0
2019-03-12,Mar,20190312,2019,73,67.5,64,69,66.3,63,100,95.7,87,30.1,30.0,29.8,0.0
2019-03-13,Mar,20190313,2019,74,72.1,63,73,69.5,63,100,91.5,81,29.8,29.6,29.5,0.0
2019-03-14,Mar,20190314,2019,77,70.4,61,72,53.2,36,93,59.8,26,30.0,29.8,29.6,0.38
2019-03-15,Mar,20190315,2019,64,58.1,50,39,33.8,30,52,40.6,28,30.2,30.2,30.0,0.0
2019-03-16,Mar,20190316,2019,63,56.5,51,43,34.2,30,60,44.0,31,30.3,30.2,30.2,0.0
2019-03-17,Mar,20190317,2019,64,55.6,50,43,37.6,31,74,53.7,29,30.2,30.2,30.1,0.0
2019-03-18,Mar,20190318,2019,70,57.1,46,43,39.7,35,83,57.0,29,30.2,30.1,30.1,0.0
2019-03-19,Mar,20190319,2019,72,58.7,47,46,43.3,41,86,60.2,34,30.2,30.1,30.1,0.0
2019-03-20,Mar,20190320,2019,75,61.3,47,50,45.7,39,97,62.5,29,30.2,30.1,30.0,0.0
2019-03-21,Mar,20190321,2019,78,64.4,50,54,44.5,35,100,55.3,21,30.1,30.1,30.0,0.0
2019-03-22,Mar,20190322,2019,81,66.0,51,58,48.7,42,100,59.4,28,30.1,30.0,29.9,0.0
2019-03-23,Mar,20190323,2019,72,65.1,55,60,58.7,55,100,81.1,64,30.1,30.0,29.9,0.0
2019-03-24,Mar,20190324,2019,80,69.0,57,67,64.3,57,100,85.9,62,30.0,30.0,29.9,0.0
2019-03-25,Mar,20190325,2019,86,73.1,66,69,64.8,52,97,77.0,49,30.1,30.0,29.9,0.0
2019-03-26,Mar,20190326,2019,77,65.9,55,52,50.8,50,84,60.8,39,30.2,30.1,30.1,0.0
2019-03-27,Mar,20190327,2019,75,62.3,50,50,47.0,44,89,60.3,35,30.2,30.1,30.1,0.0
2019-03-28,Mar,20190328,2019,75,63.9,50,60,55.4,50,100,76.3,51,30.1,30.1,30.0,0.0
2019-03-29,Mar,20190329,2019,79,69.5,60,66,62.6,60,100,80.0,56,30.0,29.9,29.8,0.0
2019-03-30,Mar,20190330,2019,76,66.5,52,68,60.7,41,96,81.9,66,30.1,29.9,29.7,0.03
2019-03-31,Mar,20190331,2019,55,50.8,44,41,38.7,36,86,63.6,57,30.2,30.1,30.1,0.0
2019-04-01,Apr,20190401,2019,56,48.2,39,41,38.6,36,93,71.2,51,30.2,30.1,30.1,0.0
2019-04-02,Apr,20190402,2019,71,54.7,38,47,40.6,36,97,65.4,30,30.2,30.1,30.0,0.0
2019-04-03,Apr,20190403,2019,70,60.6,47,63,54.7,46,97,81.7,65,30.1,30.0,29.9,0.0
2019-04-04,Apr,20190404,2019,83,72.3,64,73,69.0,64,100,90.5,63,29.9,29.9,29.8,0.34
2019-04-05,Apr,20190405,2019,82,73.3,69,71,69.9,69,100,89.8,65,29.9,29.8,29.8,0.01
2019-04-06,Apr,20190406,2019,83,73.6,70,73,71.0,69,100,92.0,63,29.8,29.8,29.7,0.0
2019-04-07,Apr,20190407,2019,75,69.3,63,73,68.0,63,100,95.4,84,29.8,29.8,29.6,0.02
2019-04-08,Apr,20190408,2019,82,69.3,63,65,63.1,62,100,82.8,54,29.8,29.7,29.6,0.97
2019-04-09,Apr,20190409,2019,89,74.0,62,64,58.6,49,100,65.6,28,29.8,29.8,29.7,0.01
2019-04-10,Apr,20190410,2019,89,75.5,62,65,60.9,55,100,64.9,35,29.7,29.6,29.5,0.0
2019-04-11,Apr,20190411,2019,77,72.3,66,70,65.9,52,100,80.8,60,29.7,29.6,29.4,0.0
2019-04-12,Apr,20190412,2019,72,66.1,60,66,57.0,48,100,73.4,58,29.8,29.7,29.6,0.04
2019-04-13,Apr,20190413,2019,85,71.0,53,73,65.6,42,100,84.3,57,29.7,29.5,29.4,0.15
2019-04-14,Apr,20190414,2019,72,58.0,48,47,42.4,39,80,58.6,32,29.9,29.8,29.7,0.19
2019-04-15,Apr,20190415,2019,79,64.8,49,58,52.5,46,90,67.4,40,30.0,29.9,29.9,0.0
2019-04-16,Apr,20190416,2019,80,70.5,60,66,62.7,57,90,77.6,54,30.0,29.9,29.9,0.0
2019-04-17,Apr,20190417,2019,78,72.6,70,73,70.2,66,100,92.2,79,29.9,29.7,29.6,0.0
2019-04-18,Apr,20190418,2019,76,66.7,60,72,62.9,52,100,88.5,62,29.8,29.6,29.5,0.78
2019-04-19,Apr,20190419,2019,74,64.4,56,51,45.6,39,75,53.3,28,30.0,29.9,29.8,0.76
2019-04-20,Apr,20190420,2019,79,64.7,49,53,47.0,41,93,57.8,31,30.0,29.9,29.9,0.0
2019-04-21,Apr,20190421,2019,81,68.7,54,63,57.8,52,97,71.4,41,29.9,29.9,29.9,0.0
2019-04-22,Apr,20190422,2019,79,70.8,61,67,63.9,61,100,80.3,58,30.0,29.9,29.9,0.0
2019-04-23,Apr,20190423,2019,77,71.1,68,70,68.4,67,100,91.4,74,30.0,29.9,29.8,0.0
2019-04-24,Apr,20190424,2019,79,71.5,66,72,69.1,66,100,92.7,69,29.8,29.8,29.6,0.02
2019-04-25,Apr,20190425,2019,84,72.0,64,71,62.4,57,100,75.4,40,29.9,29.7,29.6,0.07
2019-04-26,Apr,20190426,2019,85,73.3,60,63,61.5,60,100,69.2,44,30.0,29.9,29.9,0.0
2019-04-27,Apr,20190427,2019,84,74.5,65,66,61.8,58,93,66.5,41,29.9,29.8,29.8,0.0
2019-04-28,Apr,20190428,2019,81,72.4,62,68,64.3,62,100,77.2,54,29.9,29.8,29.8,0.0
2019-04-29,Apr,20190429,2019,85,77.5,69,74,70.8,65,93,80.7,57,29.9,29.8,29.8,0.0
2019-04-30,Apr,20190430,2019,87,79.4,77,74,72.0,68,90,78.7,53,29.9,29.8,29.8,0.0
2019-05-01,May,20190501,2019,86,79.5,76,74,71.9,70,87,78.0,63,29.9,29.8,29.8,0.0
2019-05-02,May,20190502,2019,83,74.9,67,73,69.9,65,100,85.1,65,30.0,29.9,29.8,0.0
2019-05-03,May,20190503,2019,77,73.5,69,73,71.3,68,100,92.9,82,29.9,29.8,29.7,0.45
2019-05-04,May,20190504,2019,86,73.3,66,72,67.2,64,100,83.3,51,29.8,29.7,29.6,0.88
2019-05-05,May,20190505,2019,85,74.5,65,68,65.3,61,100,75.0,51,29.8,29.8,29.7,0.0
2019-05-06,May,20190506,2019,83,74.3,64,69,66.5,64,100,78.4,53,29.9,29.8,29.8,0.0
2019-05-07,May,20190507,2019,80,72.7,69,75,71.3,68,100,95.3,81,29.9,29.8,29.8,0.0
2019-05-08,May,20190508,2019,83,77.3,70,78,73.5,67,100,88.2,72,29.7,29.6,29.5,1.92
2019-05-09,May,20190509,2019,89,78.2,68,78,74.9,68,100,90.1,65,29.7,29.7,29.6,0.08
2019-05-10,May,20190510,2019,76,70.8,67,70,68.2,66,100,91.6,79,29.8,29.8,29.7,3.15
2019-05-11,May,20190511,2019,76,71.4,68,72,70.4,67,100,96.8,85,29.8,29.7,29.6,0.0
2019-05-12,May,20190512,2019,78,69.8,65,67,63.1,61,100,80.8,58,29.8,29.8,29.7,0.4
2019-05-13,May,20190513,2019,84,72.1,59,66,61.4,58,100,72.5,42,29.9,29.8,29.8,0.0
2019-05-14,May,20190514,2019,85,74.5,65,68,63.8,57,100,72.6,38,29.9,29.9,29.8,0.0
2019-05-15,May,20190515,2019,85,75.9,68,69,65.5,63,97,72.4,48,29.9,29.9,29.9,0.0
2019-05-16,May,20190516,2019,86,75.4,65,70,65.2,58,100,73.5,40,29.9,29.9,29.8,0.0
2019-05-17,May,20190517,2019,86,77.1,66,74,71.5,66,100,83.9,65,29.8,29.8,29.7,0.0
2019-05-18,May,20190518,2019,84,80.0,77,78,75.1,73,94,85.1,72,29.7,29.6,29.6,0.0
2019-05-19,May,20190519,2019,91,82.8,79,78,77.1,76,97,84.1,61,29.8,29.7,29.6,0.09
2019-05-20,May,20190520,2019,89,82.3,77,77,75.4,73,100,80.7,59,29.8,29.7,29.6,0.0
2019-05-21,May,20190521,2019,88,83.1,79,78,74.7,73,88,76.1,63,29.6,29.6,29.5,0.0
2019-05-22,May,20190522,2019,89,83.6,80,77,75.5,73,88,76.9,63,29.8,29.7,29.6,0.0
2019-05-23,May,20190523,2019,87,82.3,78,79,75.6,74,90,80.3,67,29.9,29.9,29.8,0.0
2019-05-24,May,20190524,2019,88,81.4,76,76,74.2,73,97,79.5,61,29.9,29.9,29.9,0.0
2019-05-25,May,20190525,2019,89,81.5,74,76,73.8,70,97,78.5,55,30.0,29.9,29.9,0.0
2019-05-26,May,20190526,2019,89,80.8,72,74,72.6,71,100,77.5,57,30.0,29.9,29.9,0.0
2019-05-27,May,20190527,2019,91,82.0,74,73,69.7,62,93,68.5,39,29.9,29.8,29.7,0.0
2019-05-28,May,20190528,2019,91,83.4,77,76,74.6,73,90,75.5,57,29.7,29.7,29.6,0.0
2019-05-29,May,20190529,2019,84,80.2,77,73,71.0,70,88,74.2,63,29.7,29.7,29.6,0.0
2019-05-30,May,20190530,2019,91,81.3,73,78,74.6,70,97,81.3,57,29.8,29.8,29.7,0.0
2019-05-31,May,20190531,2019,92,80.9,73,79,75.3,72,100,84.2,58,29.9,29.8,29.8,0.06
2019-06-01,Jun,20190601,2019,94,81.9,71,77,73.3,71,100,77.6,50,29.9,29.8,29.7,0.13
2019-06-02,Jun,20190602,2019,96,84.7,74,78,74.0,69,100,73.2,43,29.9,29.8,29.7,0.0
2019-06-03,Jun,20190603,2019,94,84.1,74,77,72.9,69,100,71.9,47,29.9,29.8,29.8,0.0
2019-06-04,Jun,20190604,2019,93,80.4,73,77,74.0,72,100,83.0,52,29.9,29.8,29.8,0.0
2019-06-05,Jun,20190605,2019,79,75.4,73,78,75.1,73,100,99.1,90,29.8,29.7,29.6,0.74
2019-06-06,Jun,20190606,2019,94,82.0,75,75,72.7,67,100,75.8,47,29.7,29.6,29.6,1.72
2019-06-07,Jun,20190607,2019,94,83.0,74,78,72.5,69,94,72.5,47,29.6,29.6,29.6,0.0
2019-06-08,Jun,20190608,2019,94,83.8,73,75,71.8,70,93,69.2,47,29.7,29.6,29.6,0.0
2019-06-09,Jun,20190609,2019,95,84.8,74,76,74.2,72,97,72.3,49,29.9,29.8,29.7,0.0
2019-06-10,Jun,20190610,2019,93,83.4,77,75,73.3,71,88,72.3,54,30.0,30.0,29.9,0.0
2019-06-11,Jun,20190611,2019,88,79.0,73,71,65.0,61,85,63.4,48,30.0,29.9,29.9,0.0
2019-06-12,Jun,20190612,2019,90,79.7,70,69,65.1,59,97,64.7,37,29.9,29.9,29.8,0.01
2019-06-13,Jun,20190613,2019,91,81.0,72,70,66.2,61,90,63.0,40,30.0,29.9,29.9,0.0
2019-06-14,Jun,20190614,2019,88,81.5,74,74,70.5,67,93,70.5,55,29.9,29.9,29.8,0.0
2019-06-15,Jun,20190615,2019,93,85.3,78,79,75.0,72,90,72.4,53,29.9,29.8,29.8,0.0
2019-06-16,Jun,20190616,2019,88,78.0,68,78,74.3,67,100,88.9,63,29.9,29.8,29.7,0.0
2019-06-17,Jun,20190617,2019,89,76.8,68,75,71.3,68,100,84.6,59,29.8,29.8,29.7,1.51
2019-06-18,Jun,20190618,2019,93,83.6,74,80,75.9,72,100,79.7,54,29.8,29.8,29.7,0.0
2019-06-19,Jun,20190619,2019,96,86.0,79,79,77.0,76,97,75.5,54,29.8,29.7,29.6,0.0
2019-06-20,Jun,20190620,2019,93,85.7,79,79,78.1,75,97,79.0,59,29.8,29.7,29.7,0.0
2019-06-21,Jun,20190621,2019,93,86.7,82,81,79.3,77,94,79.5,59,29.8,29.8,29.7,0.0
2019-06-22,Jun,20190622,2019,93,86.5,83,83,79.8,78,91,80.7,63,29.9,29.8,29.8,0.0
2019-06-23,Jun,20190623,2019,93,87.5,82,81,79.1,78,89,76.7,66,29.8,29.8,29.7,0.02
2019-06-24,Jun,20190624,2019,88,78.0,68,80,72.8,68,100,85.2,61,29.9,29.8,29.7,0.88
2019-06-25,Jun,20190625,2019,84,76.1,73,75,72.9,69,100,90.1,69,29.9,29.9,29.8,0.42
2019-06-26,Jun,20190626,2019,86,79.9,73,81,76.5,72,100,89.6,74,30.0,30.0,29.9,0.3
2019-06-27,Jun,20190627,2019,90,79.6,75,81,75.8,68,100,89.1,68,30.1,30.0,30.0,0.02
2019-06-28,Jun,20190628,2019,92,78.5,71,78,73.2,65,100,85.7,55,30.0,30.0,29.9,0.08
2019-06-29,Jun,20190629,2019,88,75.9,71,78,73.0,67,100,91.7,65,30.0,29.9,29.9,0.38
2019-06-30,Jun,20190630,2019,86,77.9,71,74,71.8,68,100,82.8,55,30.0,29.9,29.8,0.8
2019-07-01,Jul,20190701,2019,92,82.7,75,77,74.5,72,100,77.5,53,29.9,29.9,29.9,0.0
2019-07-02,Jul,20190702,2019,89,81.1,74,78,75.7,71,100,84.3,65,29.9,29.9,29.8,0.0
2019-07-03,Jul,20190703,2019,88,80.9,74,79,76.4,74,100,87.0,70,29.9,29.8,29.8,0.13
2019-07-04,Jul,20190704,2019,91,82.4,75,81,76.5,72,100,83.2,61,29.9,29.9,29.8,1.21
2019-07-05,Jul,20190705,2019,95,85.3,79,79,77.0,72,100,78.5,49,30.0,29.9,29.9,0.0
2019-07-06,Jul,20190706,2019,95,85.4,75,80,76.3,73,100,76.6,49,30.0,29.9,29.9,0.0
2019-07-07,Jul,20190707,2019,96,86.0,77,79,77.0,74,100,76.2,49,29.9,29.9,29.8,0.0
2019-07-08,Jul,20190708,2019,96,84.9,76,80,77.8,74,100,80.7,51,29.9,29.8,29.8,0.0
2019-07-09,Jul,20190709,2019,96,86.8,80,79,75.5,69,96,71.6,43,29.9,29.8,29.8,0.31
2019-07-10,Jul,20190710,2019,97,86.6,78,78,74.1,70,90,68.1,43,29.9,29.8,29.8,0.0
2019-07-11,Jul,20190711,2019,96,86.8,77,77,73.9,71,84,66.4,49,29.9,29.8,29.7,0.0
2019-07-12,Jul,20190712,2019,96,87.9,81,76,71.5,67,82,59.9,40,29.7,29.7,29.6,0.0
2019-07-13,Jul,20190713,2019,92,83.4,78,76,72.7,67,90,70.7,54,29.7,29.6,29.6,0.0
2019-07-14,Jul,20190714,2019,92,83.4,78,75,71.8,69,84,69.0,48,29.8,29.7,29.6,0.45
2019-07-15,Jul,20190715,2019,92,85.5,79,78,75.5,72,85,72.5,54,29.8,29.8,29.8,0.0
2019-07-16,Jul,20190716,2019,96,86.6,81,78,75.4,71,91,71.0,49,29.9,29.9,29.8,0.0
2019-07-17,Jul,20190717,2019,93,86.3,80,78,75.4,73,88,70.9,54,29.9,29.9,29.9,0.0
2019-07-18,Jul,20190718,2019,96,86.3,76,77,73.6,71,94,67.8,44,29.9,29.9,29.8,0.21
2019-07-19,Jul,20190719,2019,93,85.8,77,76,73.7,71,90,68.1,49,29.9,29.9,29.8,0.0
2019-07-20,Jul,20190720,2019,95,85.7,77,77,74.6,70,90,70.5,44,29.9,29.8,29.8,0.0
2019-07-21,Jul,20190721,2019,94,84.3,77,78,74.6,71,90,73.6,51,29.9,29.8,29.8,0.01
2019-07-22,Jul,20190722,2019,95,85.5,79,77,74.4,70,90,70.5,47,29.9,29.9,29.8,0.0
2019-07-23,Jul,20190723,2019,88,82.1,77,75,70.4,65,82,68.5,48,29.9,29.9,29.8,0.0
2019-07-24,Jul,20190724,2019,88,78.8,69,66,60.5,56,78,55.5,36,30.0,29.9,29.9,0.0
2019-07-25,Jul,20190725,2019,90,78.5,66,63,60.0,58,81,55.4,35,30.0,29.9,29.9,0.0
2019-07-26,Jul,20190726,2019,93,81.5,69,72,65.0,62,84,59.9,36,30.0,30.0,29.9,0.0
2019-07-27,Jul,20190727,2019,95,84.3,75,74,72.0,69,90,68.2,44,30.0,30.0,29.9,0.0
2019-07-28,Jul,20190728,2019,90,83.3,76,75,72.4,68,91,70.6,55,30.0,30.0,29.9,0.0
2019-07-29,Jul,20190729,2019,96,82.5,76,76,72.5,64,90,73.7,43,29.9,29.9,29.8,0.04
2019-07-30,Jul,20190730,2019,97,83.1,75,76,73.2,68,91,74.4,39,29.9,29.9,29.8,0.42
2019-07-31,Jul,20190731,2019,95,84.0,74,77,73.1,70,94,71.7,46,30.0,29.9,29.8,0.01
2019-08-01,Aug,20190801,2019,95,85.3,76,75,72.9,71,91,68.1,47,29.9,29.9,29.8,0.0
2019-08-02,Aug,20190802,2019,96,86.2,77,75,72.2,69,90,65.0,43,29.9,29.8,29.8,0.0
2019-08-03,Aug,20190803,2019,94,85.4,79,75,73.3,70,84,67.8,46,29.9,29.8,29.8,0.0
2019-08-04,Aug,20190804,2019,93,84.6,79,76,73.1,71,88,69.3,52,29.9,29.8,29.8,0.0
2019-08-05,Aug,20190805,2019,95,86.1,77,76,73.5,71,90,67.5,49,29.9,29.8,29.8,0.13
2019-08-06,Aug,20190806,2019,97,87.0,77,77,73.8,71,90,66.7,43,29.9,29.8,29.8,0.0
2019-08-07,Aug,20190807,2019,98,88.3,81,77,73.5,67,85,64.2,36,29.9,29.8,29.7,0.0
2019-08-08,Aug,20190808,2019,99,88.8,81,77,74.5,69,85,64.8,39,29.9,29.8,29.8,0.0
2019-08-09,Aug,20190809,2019,99,88.7,82,77,74.0,69,85,64.2,39,29.9,29.8,29.8,0.0
2019-08-10,Aug,20190810,2019,100,88.2,77,77,74.0,69,90,65.1,37,29.9,29.8,29.8,0.0
2019-08-11,Aug,20190811,2019,100,88.8,81,77,74.9,69,85,65.3,37,29.9,29.8,29.8,0.0
2019-08-12,Aug,20190812,2019,100,89.6,82,77,74.3,67,85,63.0,34,29.9,29.8,29.7,0.0
2019-08-13,Aug,20190813,2019,101,90.0,81,77,73.6,66,85,61.2,32,29.8,29.8,29.7,0.0
2019-08-14,Aug,20190814,2019,101,87.7,80,78,74.8,71,90,67.8,38,29.9,29.8,29.7,0.0
2019-08-15,Aug,20190815,2019,98,85.9,78,75,73.2,70,87,68.1,42,29.9,29.8,29.8,0.0
2019-08-16,Aug,20190816,2019,97,85.5,78,77,74.7,73,90,71.4,46,29.9,29.8,29.7,0.0
2019-08-17,Aug,20190817,2019,98,87.0,81,77,74.7,71,85,67.7,43,29.8,29.8,29.7,0.0
2019-08-18,Aug,20190818,2019,97,87.9,79,79,75.1,72,88,67.3,46,29.8,29.8,29.7,0.0
2019-08-19,Aug,20190819,2019,97,87.0,78,78,75.1,71,93,69.4,43,29.9,29.9,29.8,0.05
2019-08-20,Aug,20190820,2019,92,84.3,77,77,74.3,70,90,72.8,50,29.9,29.9,29.9,0.0
2019-08-21,Aug,20190821,2019,96,85.6,77,76,72.5,67,94,67.4,40,29.9,29.9,29.8,0.09
2019-08-22,Aug,20190822,2019,95,85.6,76,76,73.4,70,94,68.3,44,29.9,29.8,29.8,0.0
2019-08-23,Aug,20190823,2019,91,82.3,77,77,74.9,72,94,79.0,53,29.8,29.8,29.7,0.02
2019-08-24,Aug,20190824,2019,94,84.0,77,76,73.8,71,90,72.8,49,29.8,29.8,29.7,0.16
2019-08-25,Aug,20190825,2019,95,82.3,77,77,75.7,74,94,81.4,54,29.8,29.7,29.7,0.01
2019-08-26,Aug,20190826,2019,96,85.8,79,79,76.1,72,94,74.7,46,29.7,29.7,29.6,1.5
2019-08-27,Aug,20190827,2019,97,87.0,80,78,75.3,70,87,69.7,43,29.9,29.8,29.7,0.0
2019-08-28,Aug,20190828,2019,95,82.1,74,79,74.1,69,94,78.5,49,29.9,29.9,29.8,0.0
2019-08-29,Aug,20190829,2019,93,82.9,74,77,73.0,71,93,73.5,49,29.9,29.9,29.8,0.29
2019-08-30,Aug,20190830,2019,94,84.5,76,77,73.9,70,94,72.4,46,29.9,29.9,29.8,0.17
2019-08-31,Aug,20190831,2019,95,83.8,75,75,72.5,70,88,70.2,44,29.9,29.9,29.8,0.0
2019-09-01,Sep,20190901,2019,99,86.1,77,75,69.5,59,88,61.6,26,29.9,29.9,29.8,0.0
2019-09-02,Sep,20190902,2019,98,85.5,75,72,67.3,62,87,57.5,30,29.9,29.9,29.8,0.0
2019-09-03,Sep,20190903,2019,97,85.4,76,72,69.4,67,79,60.6,37,29.9,29.8,29.8,0.0
2019-09-04,Sep,20190904,2019,98,86.4,77,74,70.1,66,84,61.1,36,29.9,29.9,29.8,0.0
2019-09-05,Sep,20190905,2019,99,86.5,75,74,68.4,63,90,58.6,30,30.0,29.9,29.9,0.0
2019-09-06,Sep,20190906,2019,98,86.1,77,76,69.8,63,90,61.9,32,30.0,29.9,29.8,0.0
2019-09-07,Sep,20190907,2019,98,85.0,75,74,70.8,64,87,65.5,33,29.9,29.9,29.8,0.0
2019-09-08,Sep,20190908,2019,97,84.5,71,75,70.8,65,93,66.1,36,29.9,29.9,29.8,0.0
2019-09-09,Sep,20190909,2019,96,84.6,75,75,71.5,67,90,67.4,41,29.9,29.9,29.8,0.0
2019-09-10,Sep,20190910,2019,92,81.9,76,76,73.6,68,94,77.4,50,30.0,29.9,29.9,0.0
2019-09-11,Sep,20190911,2019,92,81.2,77,75,73.7,72,94,79.2,52,30.0,30.0,29.9,1.63
2019-09-12,Sep,20190912,2019,95,83.7,75,77,72.8,66,94,72.2,38,30.0,29.9,29.9,0.05
2019-09-13,Sep,20190913,2019,96,82.9,75,74,70.9,66,90,70.2,38,30.0,29.9,29.9,0.05
2019-09-14,Sep,20190914,2019,96,84.3,75,71,68.8,62,85,63.2,36,30.0,29.9,29.9,0.0
2019-09-15,Sep,20190915,2019,96,83.5,75,73,69.7,65,87,65.9,37,29.9,29.9,29.8,0.0
2019-09-16,Sep,20190916,2019,94,81.4,75,74,71.5,68,91,73.8,43,29.9,29.8,29.8,0.0
2019-09-17,Sep,20190917,2019,82,77.3,75,75,73.8,73,94,89.2,79,29.8,29.8,29.7,0.05
2019-09-18,Sep,20190918,2019,83,77.6,76,77,74.9,73,100,91.5,79,29.8,29.7,29.7,1.15
2019-09-19,Sep,20190919,2019,82,77.1,73,78,74.5,71,96,91.6,88,29.8,29.8,29.7,1.39
2019-09-20,Sep,20190920,2019,87,79.8,75,78,74.6,70,94,84.4,69,29.9,29.9,29.8,9.21
2019-09-21,Sep,20190921,2019,90,81.5,75,76,73.0,70,94,77.0,54,30.0,29.9,29.9,0.88
2019-09-22,Sep,20190922,2019,89,81.0,75,77,74.8,73,96,82.1,65,29.9,29.9,29.9,0.0
2019-09-23,Sep,20190923,2019,89,81.2,76,78,75.7,72,97,84.2,59,29.9,29.9,29.8,0.0
2019-09-24,Sep,20190924,2019,90,81.0,73,75,71.3,68,94,74.6,48,29.9,29.8,29.8,0.26
2019-09-25,Sep,20190925,2019,91,80.3,72,73,70.6,69,93,74.2,48,29.8,29.8,29.7,0.0
2019-09-26,Sep,20190926,2019,91,79.8,72,73,69.8,65,93,74.0,42,29.8,29.8,29.7,0.0
2019-09-27,Sep,20190927,2019,85,78.4,73,77,74.1,71,94,86.9,74,29.8,29.8,29.7,0.0
2019-09-28,Sep,20190928,2019,90,82.7,75,76,73.8,71,94,76.0,55,29.9,29.8,29.7,0.28
2019-09-29,Sep,20190929,2019,90,83.1,77,76,73.8,71,90,74.2,55,29.9,29.9,29.9,0.0
2019-09-30,Sep,20190930,2019,91,83.5,77,78,75.0,72,94,76.8,55,29.9,29.9,29.8,0.0
2019-10-01,Oct,20191001,2019,91,81.8,75,76,73.1,69,94,76.8,52,29.9,29.9,29.8,0.0
2019-10-02,Oct,20191002,2019,92,81.6,74,76,72.9,69,97,77.0,52,29.9,29.9,29.8,0.0
2019-10-03,Oct,20191003,2019,92,80.8,75,76,72.0,69,94,76.5,50,29.9,29.9,29.8,0.0
2019-10-04,Oct,20191004,2019,92,81.3,72,73,70.5,69,91,71.6,48,29.9,29.9,29.8,0.02
2019-10-05,Oct,20191005,2019,93,81.0,73,73,70.4,69,87,71.7,47,29.9,29.8,29.8,0.0
2019-10-06,Oct,20191006,2019,91,81.5,73,74,71.8,68,93,74.1,47,29.9,29.8,29.8,0.0
2019-10-07,Oct,20191007,2019,82,77.0,68,73,69.4,62,91,77.9,65,30.0,29.9,29.9,0.0
2019-10-08,Oct,20191008,2019,83,72.8,66,66,61.0,58,87,67.8,46,30.0,29.9,29.8,0.0
2019-10-09,Oct,20191009,2019,88,76.8,66,71,68.1,64,93,76.0,49,29.9,29.8,29.7,0.0
2019-10-10,Oct,20191010,2019,91,81.8,73,73,70.2,64,87,69.6,41,29.8,29.8,29.7,0.0
2019-10-11,Oct,20191011,2019,79,66.4,52,75,60.0,42,94,80.3,60,30.1,29.9,29.7,0.0
2019-10-12,Oct,20191012,2019,71,60.0,53,49,44.6,41,80,58.3,39,30.1,30.0,29.9,0.49
2019-10-13,Oct,20191013,2019,81,68.3,56,63,55.0,48,80,63.7,44,30.0,29.9,29.8,0.0
2019-10-14,Oct,20191014,2019,88,77.6,69,77,70.7,62,94,79.4,63,29.9,29.8,29.8,0.0
2019-10-15,Oct,20191015,2019,91,82.3,77,77,73.4,69,94,76.1,48,29.8,29.8,29.7,0.11
2019-10-16,Oct,20191016,2019,79,71.0,60,74,66.7,54,96,86.1,73,30.0,29.9,29.8,1.03
2019-10-17,Oct,20191017,2019,67,60.2,55,53,50.9,48,87,72.5,52,29.9,29.9,29.8,0.0
2019-10-18,Oct,20191018,2019,80,65.9,54,62,56.3,51,90,73.3,43,29.8,29.7,29.6,0.0
2019-10-19,Oct,20191019,2019,90,75.5,64,74,67.3,61,96,77.6,50,29.7,29.6,29.6,0.0
2019-10-20,Oct,20191020,2019,90,81.8,75,75,73.1,70,94,75.9,52,29.7,29.7,29.6,0.0
2019-10-21,Oct,20191021,2019,81,73.9,64,75,63.9,47,90,72.7,46,29.9,29.7,29.6,0.26
2019-10-22,Oct,20191022,2019,79,65.3,54,49,44.1,37,75,50.6,23,30.1,30.0,29.9,0.35
2019-10-23,Oct,20191023,2019,80,66.1,53,58,52.1,45,86,63.2,38,30.0,30.0,29.9,0.0
2019-10-24,Oct,20191024,2019,82,69.9,60,67,62.6,58,93,78.5,56,29.9,29.9,29.8,0.0
2019-10-25,Oct,20191025,2019,67,56.6,51,65,52.0,45,93,84.5,74,29.9,29.9,29.8,0.93
2019-10-26,Oct,20191026,2019,68,56.1,51,52,47.0,45,90,72.8,50,29.8,29.8,29.8,0.26
2019-10-27,Oct,20191027,2019,77,64.0,51,60,55.3,49,93,75.4,48,29.9,29.9,29.8,0.0
2019-10-28,Oct,20191028,2019,75,68.1,60,64,61.7,58,93,80.7,68,29.9,29.9,29.8,0.0
2019-10-29,Oct,20191029,2019,74,70.0,67,69,66.2,62,93,87.9,79,29.9,29.8,29.8,0.0
2019-10-30,Oct,20191030,2019,70,59.9,47,68,56.7,42,96,89.1,80,30.1,29.8,29.8,2.11
2019-10-31,Oct,20191031,2019,57,46.8,40,42,32.0,27,86,58.6,33,30.3,30.2,30.0,0.24
2019-11-01,Nov,20191101,2019,59,48.0,37,46,36.5,32,89,67.3,39,30.3,30.2,30.1,0.0
2019-11-02,Nov,20191102,2019,67,55.7,48,47,41.2,35,89,62.6,31,30.3,30.2,30.2,0.0
2019-11-03,Nov,20191103,2019,68,54.2,43,48,42.0,37,90,67.6,34,30.2,30.1,30.0,0.0
2019-11-04,Nov,20191104,2019,75,64.4,53,66,59.1,48,93,83.3,68,30.0,29.9,29.9,0.0
2019-11-05,Nov,20191105,2019,83,71.5,64,68,65.0,61,97,80.8,58,30.1,30.0,29.9,0.0
2019-11-06,Nov,20191106,2019,80,68.0,59,62,57.9,55,93,72.7,43,30.1,30.1,30.0,0.0
2019-11-07,Nov,20191107,2019,71,63.6,52,66,60.3,48,93,88.8,81,30.1,30.0,30.0,0.0
2019-11-08,Nov,20191108,2019,54,51.9,46,50,46.3,40,88,82.1,74,30.2,30.2,30.1,0.0
2019-11-09,Nov,20191109,2019,67,51.7,41,46,38.9,31,86,65.6,29,30.2,30.1,30.1,0.01
2019-11-10,Nov,20191110,2019,75,59.8,44,57,49.9,42,93,72.6,43,30.1,30.0,29.9,0.0
2019-11-11,Nov,20191111,2019,76,59.4,39,66,53.3,34,93,80.7,67,30.2,29.9,29.9,0.0
2019-11-12,Nov,20191112,2019,47,39.0,34,33,24.7,20,83,58.5,37,30.4,30.3,30.2,0.01
2019-11-13,Nov,20191113,2019,45,39.3,31,35,26.3,21,85,61.3,42,30.3,30.2,30.1,0.0
2019-11-14,Nov,20191114,2019,47,45.4,43,44,39.9,35,90,81.5,66,30.2,30.1,30.1,0.0
2019-11-15,Nov,20191115,2019,63,47.3,40,42,38.9,36,93,76.0,38,30.3,30.2,30.2,0.16
2019-11-16,Nov,20191116,2019,63,48.4,38,43,37.8,35,89,70.3,35,30.2,30.1,30.0,0.0
2019-11-17,Nov,20191117,2019,68,54.5,40,52,44.1,37,93,71.0,38,30.0,29.9,29.9,0.0
2019-11-18,Nov,20191118,2019,73,58.3,48,51,47.0,42,96,70.6,33,29.9,29.8,29.8,0.0
2019-11-19,Nov,20191119,2019,79,61.5,47,58,52.0,45,96,75.0,35,29.9,29.9,29.8,0.0
2019-11-20,Nov,20191120,2019,78,68.4,54,65,61.2,53,97,79.2,56,29.9,29.9,29.9,0.0
2019-11-21,Nov,20191121,2019,80,74.0,71,69,66.3,65,87,77.2,62,29.9,29.9,29.8,0.0
2019-11-22,Nov,20191122,2019,79,68.2,54,72,62.6,46,97,82.6,68,29.9,29.9,29.8,0.03
2019-11-23,Nov,20191123,2019,66,54.2,48,45,43.1,42,80,67.7,45,30.0,29.9,29.9,0.01
2019-11-24,Nov,20191124,2019,69,54.9,42,47,42.3,38,89,66.3,33,30.0,29.9,29.8,0.0
2019-11-25,Nov,20191125,2019,79,68.1,48,68,60.1,46,93,76.6,56,29.8,29.6,29.6,0.0
2019-11-26,Nov,20191126,2019,81,76.8,73,70,68.4,67,85,75.8,62,29.7,29.6,29.5,0.0
2019-11-27,Nov,20191127,2019,76,66.4,62,70,36.9,28,84,36.1,22,30.1,30.0,29.8,0.0
2019-11-28,Nov,20191128,2019,73,67.2,61,68,55.0,36,96,67.1,38,30.1,30.1,30.0,0.0
2019-11-29,Nov,20191129,2019,75,72.7,70,70,69.4,68,97,89.4,84,30.0,29.9,29.8,0.0
2019-11-30,Nov,20191130,2019,81,75.8,68,72,68.7,48,87,79.0,49,29.8,29.7,29.6,0.0
2019-12-01,Dec,20191201,2019,67,59.1,49,43,31.2,27,54,35.8,23,30.1,30.0,29.8,0.07
2019-12-02,Dec,20191202,2019,64,51.2,42,38,33.0,29,80,53.3,27,30.2,30.1,30.1,0.0
2019-12-03,Dec,20191203,2019,71,53.6,39,49,40.8,36,89,67.5,29,30.0,29.9,29.8,0.0
2019-12-04,Dec,20191204,2019,75,58.5,48,47,42.3,35,90,60.6,23,30.0,29.9,29.9,0.0
2019-12-05,Dec,20191205,2019,74,62.4,49,59,53.4,44,90,73.5,53,30.0,29.9,29.9,0.0
2019-12-06,Dec,20191206,2019,74,66.0,59,65,56.4,48,93,73.6,44,30.1,30.0,29.9,0.0
2019-12-07,Dec,20191207,2019,72,59.0,51,50,46.8,43,89,65.8,43,30.2,30.1,30.0,0.0
2019-12-08,Dec,20191208,2019,74,60.9,48,62,54.0,45,93,79.5,55,30.0,29.9,29.8,0.0
2019-12-09,Dec,20191209,2019,83,73.8,67,68,65.6,62,90,76.6,51,29.8,29.7,29.7,0.0
2019-12-10,Dec,20191210,2019,70,53.4,46,67,47.8,41,93,81.7,62,30.3,30.0,29.8,0.01
2019-12-11,Dec,20191211,2019,60,49.0,43,40,36.6,33,82,64.3,36,30.4,30.3,30.3,0.22
2019-12-12,Dec,20191212,2019,62,50.8,39,50,41.9,35,86,72.7,52,30.3,30.1,29.9,0.0
2019-12-13,Dec,20191213,2019,74,61.5,52,57,50.6,46,90,69.0,44,29.9,29.8,29.7,0.0
2019-12-14,Dec,20191214,2019,74,59.6,45,60,49.2,42,93,72.5,35,29.8,29.7,29.7,0.0
2019-12-15,Dec,20191215,2019,84,74.1,67,69,66.6,63,93,78.7,51,29.8,29.7,29.7,0.0
2019-12-16,Dec,20191216,2019,79,62.9,44,70,56.0,34,90,78.6,66,30.0,29.8,29.7,0.0
2019-12-17,Dec,20191217,2019,54,45.0,39,34,30.3,27,73,57.6,40,30.3,30.2,30.0,0.06
2019-12-18,Dec,20191218,2019,59,44.0,32,30,26.1,19,82,55.0,21,30.4,30.3,30.3,0.0
2019-12-19,Dec,20191219,2019,59,45.5,32,36,31.3,23,88,61.6,27,30.3,30.3,30.2,0.0
2019-12-20,Dec,20191220,2019,54,49.7,44,45,39.3,34,80,68.0,54,30.2,30.2,30.1,0.0
2019-12-21,Dec,20191221,2019,56,51.7,46,41,39.9,38,79,64.5,53,30.2,30.2,30.1,0.02
2019-12-22,Dec,20191222,2019,62,51.2,43,42,39.8,39,86,67.1,43,30.2,30.1,30.0,0.0
2019-12-23,Dec,20191223,2019,71,53.3,42,42,39.8,37,86,64.5,29,30.1,30.0,29.9,0.0
2019-12-24,Dec,20191224,2019,73,57.0,42,52,46.7,40,93,70.9,42,30.0,29.9,29.9,0.0
2019-12-25,Dec,20191225,2019,73,58.1,46,57,52.0,45,97,82.0,51,29.9,29.9,29.8,0.0
2019-12-26,Dec,20191226,2019,75,59.7,51,59,53.9,49,97,83.0,52,30.0,29.9,29.9,0.0
2019-12-27,Dec,20191227,2019,69,62.4,55,62,59.4,54,97,90.0,78,30.0,29.9,29.8,0.0
2019-12-28,Dec,20191228,2019,77,69.6,63,68,65.0,61,97,85.9,66,29.8,29.7,29.6,0.0
2019-12-29,Dec,20191229,2019,69,60.8,50,66,51.8,36,97,75.6,33,29.9,29.7,29.6,0.12
2019-12-30,Dec,20191230,2019,61,50.3,39,37,31.0,26,89,51.8,26,30.1,30.0,29.9,0.71
2019-12-31,Dec,20191231,2019,60,48.8,38,39,31.3,22,77,55.3,23,30.2,30.1,30.0,0.0
2020-01-01,Jan,20200101,2020,60,55.0,48,58,46.3,35,93,73.8,47,30.0,29.8,29.7,0.0
2020-01-02,Jan,20200102,2020,65,61.4,59,62,59.4,57,97,93.0,87,29.6,29.6,29.5,0.12
2020-01-03,Jan,20200103,2020,68,58.0,52,58,50.4,42,97,77.6,47,30.1,29.8,29.6,0.19
2020-01-04,Jan,20200104,2020,69,54.0,41,41,37.2,33,82,56.4,26,30.3,30.2,30.1,0.0
2020-01-05,Jan,20200105,2020,74,58.3,40,49,41.5,36,93,59.0,27,30.3,30.2,30.1,0.0
2020-01-06,Jan,20200106,2020,75,61.4,46,55,50.0,44,93,68.8,44,30.1,30.0,29.9,0.0
2020-01-07,Jan,20200107,2020,67,55.2,43,43,30.8,21,71,43.6,17,30.3,30.3,30.1,0.0
2020-01-08,Jan,20200108,2020,67,53.1,35,57,43.5,31,90,72.1,46,30.3,30.2,30.0,0.0
2020-01-09,Jan,20200109,2020,75,69.2,61,66,62.4,57,90,79.1,64,30.0,29.9,29.9,0.0
2020-01-10,Jan,20200110,2020,76,73.6,72,70,66.8,65,90,79.4,73,29.9,29.8,29.6,0.0
2020-01-11,Jan,20200111,2020,63,54.1,39,60,46.1,34,90,75.0,51,30.1,29.9,29.6,1.11
2020-01-12,Jan,20200112,2020,56,43.5,35,46,38.7,32,93,83.8,67,30.1,30.1,30.1,0.0
2020-01-13,Jan,20200113,2020,64,57.4,51,62,54.5,47,97,90.1,77,30.1,30.1,30.0,0.0
2020-01-14,Jan,20200114,2020,79,72.2,64,72,68.4,62,97,88.2,74,30.0,30.0,29.9,0.12
2020-01-15,Jan,20200115,2020,80,72.8,70,69,67.9,66,93,85.1,66,30.1,30.0,29.9,0.23
2020-01-16,Jan,20200116,2020,76,70.4,64,68,66.0,62,93,86.1,71,30.2,30.1,30.1,0.0
2020-01-17,Jan,20200117,2020,72,65.2,60,65,61.6,58,93,88.3,76,30.2,30.1,30.0,0.01
2020-01-18,Jan,20200118,2020,74,68.5,55,68,63.2,43,93,83.6,58,30.2,30.0,30.0,0.01
2020-01-19,Jan,20200119,2020,62,51.5,44,40,26.8,18,61,41.0,19,30.4,30.3,30.2,0.01
2020-01-20,Jan,20200120,2020,62,49.5,40,31,28.1,25,65,46.2,25,30.5,30.4,30.4,0.0
2020-01-21,Jan,20200121,2020,60,48.8,36,37,32.8,29,82,56.9,31,30.4,30.3,30.2,0.0
2020-01-22,Jan,20200122,2020,59,52.1,43,57,47.7,34,93,85.7,58,30.2,29.9,29.8,0.0
2020-01-23,Jan,20200123,2020,61,57.5,47,58,52.2,43,93,83.0,67,30.0,29.8,29.8,1.4
2020-01-24,Jan,20200124,2020,67,51.7,42,45,38.8,29,93,66.9,25,30.1,30.0,30.0,0.0
2020-01-25,Jan,20200125,2020,65,55.2,42,55,45.3,39,93,71.7,42,30.1,30.0,29.9,0.0
2020-01-26,Jan,20200126,2020,75,62.8,54,60,56.4,52,97,81.5,48,29.9,29.9,29.8,0.13
2020-01-27,Jan,20200127,2020,61,56.2,51,54,51.5,50,97,84.9,70,30.0,29.9,29.9,0.0
2020-01-28,Jan,20200128,2020,62,57.8,50,58,53.5,42,93,85.7,71,29.9,29.8,29.7,0.0
2020-01-29,Jan,20200129,2020,55,50.1,47,43,40.8,38,77,70.4,64,30.0,29.9,29.8,0.51
2020-01-30,Jan,20200130,2020,55,51.6,49,47,45.4,43,83,79.3,72,30.0,30.0,29.9,0.0
2020-01-31,Jan,20200131,2020,58,51.9,44,47,44.8,41,90,77.6,58,30.1,30.0,30.0,0.0
2020-02-01,Feb,20200201,2020,69,53.2,41,41,37.0,30,93,59.9,23,30.2,30.1,30.1,0.0
2020-02-02,Feb,20200202,2020,76,61.4,48,48,38.8,34,74,47.8,22,30.1,30.0,29.9,0.0
2020-02-03,Feb,20200203,2020,75,67.6,57,62,58.7,49,84,73.3,60,29.9,29.8,29.7,0.0
2020-02-04,Feb,20200204,2020,79,70.7,60,66,63.6,54,93,78.5,60,29.7,29.7,29.6,0.0
2020-02-05,Feb,20200205,2020,58,48.1,41,54,43.0,36,90,82.8,76,29.7,29.6,29.6,0.0
2020-02-06,Feb,20200206,2020,52,42.1,37,36,28.3,20,86,62.0,29,29.8,29.7,29.6,0.09
2020-02-07,Feb,20200207,2020,72,55.0,34,49,35.8,26,83,52.8,27,30.0,29.8,29.8,0.0
2020-02-08,Feb,20200208,2020,71,58.8,50,56,45.4,35,96,63.4,41,30.1,30.0,30.0,0.0
2020-02-09,Feb,20200209,2020,73,67.3,61,69,62.3,56,91,83.9,73,30.0,29.9,29.9,0.0
2020-02-10,Feb,20200210,2020,77,70.4,53,69,65.4,51,93,84.4,71,29.9,29.8,29.7,0.11
2020-02-11,Feb,20200211,2020,57,53.9,50,54,51.3,47,93,90.7,86,29.9,29.9,29.8,0.03
2020-02-12,Feb,20200212,2020,57,53.9,50,55,50.6,47,97,88.8,82,29.9,29.8,29.7,0.05
2020-02-13,Feb,20200213,2020,59,49.0,42,47,39.8,37,93,71.8,48,30.2,30.1,29.9,0.01
2020-02-14,Feb,20200214,2020,61,47.5,37,37,35.1,33,89,65.5,35,30.3,30.3,30.2,0.0
2020-02-15,Feb,20200215,2020,66,55.9,42,56,48.1,36,86,75.2,60,30.2,30.1,30.0,0.0
2020-02-16,Feb,20200216,2020,72,63.4,59,60,58.3,57,96,84.1,66,30.0,29.9,29.8,0.0
2020-02-17,Feb,20200217,2020,80,69.0,60,68,64.0,57,97,84.8,62,29.8,29.8,29.7,0.0
2020-02-18,Feb,20200218,2020,78,71.0,60,68,64.9,55,90,81.3,66,30.0,29.9,29.8,0.01
2020-02-19,Feb,20200219,2020,60,55.7,52,55,51.5,49,93,86.2,81,30.1,30.1,30.0,0.0
2020-02-20,Feb,20200220,2020,51,48.5,45,49,43.2,35,93,82.5,63,30.4,30.2,30.0,0.09
2020-02-21,Feb,20200221,2020,57,47.3,39,35,32.4,29,82,58.6,36,30.6,30.4,30.4,0.5
2020-02-22,Feb,20200222,2020,63,50.0,37,41,35.5,31,83,60.1,34,30.4,30.3,30.1,0.0
2020-02-23,Feb,20200223,2020,68,61.0,49,60,53.8,43,90,77.6,63,30.1,29.9,29.8,0.0
2020-02-24,Feb,20200224,2020,73,64.7,54,63,57.4,43,96,79.3,39,29.8,29.7,29.6,0.34
2020-02-25,Feb,20200225,2020,72,60.0,48,50,46.0,39,96,62.7,40,30.0,29.8,29.7,0.35
2020-02-26,Feb,20200226,2020,57,49.8,42,32,28.0,24,54,43.5,30,30.3,30.2,30.0,0.0
2020-02-27,Feb,20200227,2020,60,46.6,33,32,27.3,22,85,51.3,24,30.3,30.3,30.2,0.0
2020-02-28,Feb,20200228,2020,73,54.7,39,39,34.3,28,79,50.8,19,30.3,30.2,30.2,0.0
2020-02-29,Feb,20200229,2020,74,60.0,44,55,44.0,38,86,59.5,29,30.2,30.1,30.0,0.0
2020-03-01,Mar,20200301,2020,71,67.1,63,63,59.7,55,90,77.5,65,30.0,29.9,29.8,0.0
2020-03-02,Mar,20200302,2020,79,70.8,66,66,64.2,62,93,80.4,56,29.8,29.7,29.6,0.04
2020-03-03,Mar,20200303,2020,83,72.6,69,68,66.6,65,93,82.2,54,29.7,29.7,29.6,0.0
2020-03-04,Mar,20200304,2020,76,67.4,57,71,63.1,49,97,86.0,69,29.9,29.6,29.6,0.02
2020-03-05,Mar,20200305,2020,75,62.0,56,49,44.5,35,77,56.1,29,30.2,30.1,29.9,0.11
2020-03-06,Mar,20200306,2020,73,60.3,50,41,30.7,23,64,36.6,15,30.4,30.3,30.2,0.0
2020-03-07,Mar,20200307,2020,61,53.7,42,46,39.2,32,83,59.7,34,30.4,30.3,30.2,0.0
2020-03-08,Mar,20200308,2020,73,60.9,47,57,51.4,44,93,72.9,49,30.2,30.2,30.1,0.0
2020-03-09,Mar,20200309,2020,74,67.9,62,65,61.2,57,87,79.7,59,30.1,30.1,30.1,0.0
2020-03-10,Mar,20200310,2020,81,69.7,63,68,64.5,62,97,84.6,52,30.2,30.1,30.1,0.0
2020-03-11,Mar,20200311,2020,81,70.4,59,65,62.5,58,96,77.9,49,30.1,30.0,29.9,0.6
2020-03-12,Mar,20200312,2020,84,74.1,69,66,63.2,61,84,69.8,46,29.9,29.8,29.7,0.0
2020-03-13,Mar,20200313,2020,80,73.7,70,68,66.5,65,87,78.8,62,29.9,29.9,29.8,0.0
2020-03-14,Mar,20200314,2020,81,74.4,71,70,67.2,63,94,79.1,54,30.1,30.0,29.9,0.0
2020-03-15,Mar,20200315,2020,83,73.7,67,69,66.9,62,93,80.5,53,30.1,30.1,30.0,0.0
2020-03-16,Mar,20200316,2020,75,69.4,64,66,64.0,62,97,83.5,66,30.1,30.0,30.0,0.0
2020-03-17,Mar,20200317,2020,83,74.5,69,68,66.4,62,93,77.2,54,30.0,30.0,29.9,0.0
2020-03-18,Mar,20200318,2020,82,74.6,71,68,66.6,64,87,76.8,56,30.0,29.9,29.9,0.0
2020-03-19,Mar,20200319,2020,84,77.8,74,70,67.4,65,82,71.1,53,29.9,29.9,29.8,0.0
2020-03-20,Mar,20200320,2020,76,69.4,57,71,66.1,53,94,89.3,82,30.2,30.1,29.9,0.04
2020-03-21,Mar,20200321,2020,61,57.5,54,58,53.9,50,93,87.8,78,30.2,30.1,30.1,1.04
2020-03-22,Mar,20200322,2020,77,67.5,58,70,63.1,57,97,86.2,71,30.1,30.0,29.9,0.36
2020-03-23,Mar,20200323,2020,84,74.7,70,70,67.7,66,93,79.6,58,30.0,29.9,29.8,0.01
2020-03-24,Mar,20200324,2020,87,77.3,72,69,67.7,64,87,73.7,48,29.9,29.8,29.7,0.0
2020-03-25,Mar,20200325,2020,89,76.8,72,71,67.5,60,91,75.4,38,29.8,29.8,29.7,0.0
2020-03-26,Mar,20200326,2020,87,74.7,68,69,67.2,66,93,78.7,49,29.8,29.8,29.7,0.0
2020-03-27,Mar,20200327,2020,89,78.1,68,70,67.0,61,93,71.1,42,29.7,29.7,29.6,0.0
2020-03-28,Mar,20200328,2020,80,72.6,60,70,63.8,48,85,74.3,54,29.9,29.7,29.6,0.0
2020-03-29,Mar,20200329,2020,80,67.3,55,54,49.2,42,93,59.1,27,30.0,30.0,29.9,0.04
