Zipcode,Population,Median Age,Household Income,Per Capita Income,Poverty Rate,Total Households,Total Owner Occupied,% Owner Occupied
77002,12370.0,34.1,72306.0,34779.0,6.98464025869038,4457.0,1213.0,27.21561588512452
77003,9646.0,34.1,59575.0,37760.0,27.628032345013477,9597.0,4731.0,49.29665520475148
77004,37642.0,28.3,48592.0,31067.0,19.73327665905106,28125.0,9997.0,35.544888888888885
77005,28233.0,36.5,180758.0,100896.0,3.7155102185385895,25438.0,20433.0,80.32471106219042
77006,21945.0,34.3,82878.0,68705.0,7.304625199362041,21280.0,8945.0,42.03477443609023
77007,35822.0,33.8,121458.0,85419.0,6.018647758360784,35600.0,19651.0,55.19943820224719
77008,34491.0,34.9,97690.0,65444.0,5.952277405700038,34278.0,22084.0,64.42616255324116
77009,37751.0,35.1,49383.0,33167.0,24.232470663028796,37352.0,20158.0,53.96765902762905
77010,915.0,44.6,250001.0,196722.0,6.666666666666667,915.0,78.0,8.524590163934425
77011,18598.0,34.0,30665.0,13551.0,34.15421013012152,18404.0,9341.0,50.755270593349266
77012,20085.0,33.0,36537.0,14721.0,24.032860343539955,19960.0,9174.0,45.96192384769539
77013,20790.0,30.8,39513.0,14936.0,24.555074555074555,19354.0,7642.0,39.48537769970032
77014,35729.0,31.3,45596.0,20308.0,18.85863024433933,35642.0,17682.0,49.61001066157903
77015,57258.0,29.2,45917.0,18557.0,22.817772189039086,57246.0,30726.0,53.67361911749292
77016,29597.0,38.5,32302.0,15171.0,25.931682265094434,29546.0,18968.0,64.1981994178569
77017,32556.0,33.0,44286.0,18370.0,18.15333579063767,32530.0,19067.0,58.61358745773132
77018,28073.0,37.7,81565.0,46458.0,17.383250810387207,27628.0,19039.0,68.91197336035906
77019,21572.0,39.4,112243.0,96256.0,9.910995735212312,21456.0,12281.0,57.238068605518265
77020,25898.0,33.0,27587.0,14646.0,30.500424743223416,25799.0,12645.0,49.0135276561107
77021,26654.0,33.6,35126.0,21531.0,28.674870563517672,26327.0,10572.0,40.156493333839784
77022,27364.0,34.1,30164.0,14924.0,29.399941529016225,27186.0,13143.0,48.34473626131096
77023,28528.0,33.2,37462.0,18438.0,26.360067302299495,28419.0,14199.0,49.96305288715296
77024,38110.0,44.3,118561.0,90464.0,5.791130936762005,37854.0,27681.0,73.12569345379616
77025,28922.0,36.3,71990.0,58892.0,9.435723670562203,28814.0,14580.0,50.600402582078154
77026,22799.0,35.2,26644.0,14026.0,38.55870871529453,22664.0,10573.0,46.651076597246735
77027,16012.0,33.3,91296.0,89183.0,7.013489882588059,16012.0,7050.0,44.029477891581315
77028,15725.0,38.6,30233.0,15319.0,27.904610492845787,15706.0,8622.0,54.896218005857634
77029,17894.0,34.3,32200.0,15699.0,35.69352855705823,17776.0,10870.0,61.14986498649865
77030,10813.0,33.9,75290.0,63823.0,15.7125682049385,10459.0,5047.0,48.25509130892055
77031,18052.0,32.1,44459.0,20807.0,20.65145136272989,17980.0,7916.0,44.026696329254726
77032,14443.0,24.4,30451.0,12001.0,39.548570241639545,14254.0,6225.0,43.67195173284692
77033,29692.0,34.7,33750.0,14954.0,28.3982217432305,29567.0,17485.0,59.136875570737644
77034,40183.0,28.1,47252.0,19317.0,19.767065674538983,40162.0,19810.0,49.32523280713112
77035,38324.0,33.6,44546.0,26230.0,24.425947187141215,38074.0,14622.0,38.40416031937806
77036,76605.0,30.0,29744.0,15753.0,35.19483062463286,76168.0,14179.0,18.615429051570214
77037,20038.0,32.8,41491.0,13951.0,26.245134244934626,20021.0,13477.0,67.31431996403776
77038,30653.0,28.1,41347.0,15165.0,25.7527811307213,30624.0,16988.0,55.47283176593522
77039,27972.0,28.2,34608.0,12766.0,31.94980694980695,27959.0,17727.0,63.403555205837115
77040,48273.0,34.4,55438.0,30293.0,13.10463406044787,48096.0,28766.0,59.80954757152362
77041,35372.0,35.7,79503.0,37841.0,10.202985412190433,35287.0,27345.0,77.49312778076913
77042,42098.0,31.2,47297.0,33962.0,19.473609197586583,42071.0,11167.0,26.54322454897673
77043,25838.0,36.1,60043.0,30825.0,14.528988311788838,25603.0,14540.0,56.79021989610592
77044,42665.0,30.2,76387.0,29547.0,11.911402789171452,42665.0,32083.0,75.19746865111918
77045,36270.0,31.3,51170.0,18438.0,20.90432864626413,36189.0,24665.0,68.15606952388848
77046,1029.0,44.9,90036.0,104296.0,3.109815354713314,1029.0,266.0,25.850340136054424
77047,29410.0,31.2,56706.0,23575.0,22.41074464467868,29410.0,20902.0,71.07106426385583
77048,17143.0,33.4,41220.0,18418.0,21.34982208481596,17134.0,10764.0,62.82245827010622
77049,33749.0,30.0,56760.0,22103.0,12.661115884915109,33704.0,25207.0,74.78934251127463
77050,5031.0,35.8,57163.0,22953.0,13.51619956271119,5031.0,3801.0,75.551580202743
77051,16661.0,34.3,27244.0,15190.0,34.34967889082288,16622.0,7291.0,43.86355432559259
77053,31868.0,29.5,45953.0,16372.0,24.51989456508096,31868.0,19364.0,60.763147985439936
77054,22517.0,29.4,48681.0,33017.0,20.699915619309856,22207.0,3447.0,15.522132660872698
77055,45003.0,33.3,52269.0,34256.0,22.66959980445748,44398.0,17655.0,39.765304743456916
77056,21732.0,39.1,107003.0,89180.0,5.268728142830849,21641.0,10643.0,49.17979760639527
77057,40130.0,34.4,57093.0,53201.0,15.918265636680788,40026.0,13227.0,33.04602008694349
77058,16669.0,34.0,51635.0,36293.0,17.943487911692362,16493.0,4892.0,29.661068332019646
77059,17374.0,45.1,126385.0,56162.0,3.2692529066421088,17374.0,15687.0,90.290088638195
77060,44549.0,26.7,28948.0,12253.0,36.842577835641656,44544.0,12435.0,27.916217672413797
77061,26276.0,30.2,39180.0,18680.0,21.780331861775004,26276.0,10356.0,39.41239153600243
77062,26583.0,38.5,88433.0,41094.0,8.05778128879359,26583.0,20090.0,75.57461535567845
77063,38931.0,31.9,44957.0,32805.0,22.82499807351468,38751.0,9667.0,24.946452994761426
77064,49578.0,34.7,67763.0,28699.0,12.098108031788293,48991.0,30827.0,62.92380233104039
77065,38820.0,33.9,54688.0,29363.0,10.95311695002576,38820.0,21132.0,54.435857805255026
77066,33796.0,33.9,61430.0,24354.0,12.223340040241448,33788.0,24273.0,71.83911447851308
77067,33489.0,29.0,40138.0,17030.0,24.682731643226134,33433.0,15032.0,44.96156492088655
77068,10897.0,39.9,80313.0,37718.0,8.121501330641461,10867.0,6934.0,63.80785865464249
77069,18238.0,43.5,64313.0,44570.0,5.581752385129948,18238.0,10131.0,55.54885404101327
77070,51080.0,34.4,69038.0,35281.0,11.671887235708692,50902.0,27900.0,54.81120584652862
77071,27981.0,36.2,49137.0,25669.0,15.64990529287731,27911.0,16572.0,59.37444018487334
77072,62162.0,32.7,41041.0,16087.0,24.551977092114154,61986.0,29795.0,48.06730552060143
77073,42780.0,28.6,54079.0,19722.0,14.845722300140253,42780.0,25218.0,58.948106591865354
77074,39915.0,30.8,36593.0,16866.0,30.938243768007016,38691.0,11636.0,30.074177457289807
77075,43586.0,29.3,50653.0,18932.0,18.517413848483457,43586.0,25752.0,59.08319185059423
77076,35144.0,27.6,34842.0,12474.0,33.55053494195311,34984.0,17541.0,50.140064029270526
77077,57757.0,34.8,66587.0,46967.0,10.369305885000951,57676.0,23140.0,40.120674110548585
77078,15820.0,31.9,35770.0,14480.0,21.89001264222503,15727.0,9249.0,58.809690341451
77079,33577.0,39.5,98774.0,56154.0,7.981654108467105,33571.0,21276.0,63.37612820589199
77080,45665.0,32.3,44386.0,21751.0,24.9381364283368,45454.0,16949.0,37.28824745896951
77081,49059.0,29.7,29079.0,17302.0,39.17527874599971,48844.0,2376.0,4.864466464663009
77082,56641.0,33.8,53999.0,30640.0,12.356773362052223,56254.0,23323.0,41.460162832865215
77083,79408.0,33.0,54786.0,20458.0,14.890187386661294,79385.0,55010.0,69.29520690306732
77084,104582.0,33.0,65617.0,26893.0,11.723814805607084,104538.0,68382.0,65.41353383458647
77085,17981.0,33.8,55950.0,20382.0,12.618875479672989,17968.0,13406.0,74.61041852181657
77086,29506.0,29.7,43116.0,15891.0,25.167762488985293,29455.0,18578.0,63.07248344932949
77087,37200.0,30.5,35302.0,15306.0,27.545698924731184,36795.0,18034.0,49.012094034515556
77088,56716.0,33.4,44472.0,17989.0,20.97468086606954,56652.0,35586.0,62.81508155051896
77089,52699.0,34.7,66775.0,25285.0,11.186170515569556,52516.0,35619.0,67.8250437961764
77090,38361.0,28.5,39392.0,21622.0,22.895649227079588,38098.0,9828.0,25.796629744343534
77091,25277.0,35.0,32500.0,18502.0,28.452743600902007,25016.0,10761.0,43.01646945954589
77092,38476.0,33.0,39921.0,21582.0,26.429462522091693,38343.0,12595.0,32.84823827034921
77093,44428.0,29.6,30837.0,12082.0,36.56702980102638,44001.0,25725.0,58.46458035044658
77094,9439.0,41.8,158160.0,67018.0,4.682699438499841,9439.0,7845.0,83.11261786206165
77095,72081.0,36.9,92175.0,37904.0,9.114745910850294,71922.0,55708.0,77.45613303300797
77096,35465.0,36.3,61583.0,41286.0,15.688707176089101,35440.0,18129.0,51.15406320541761
77098,13444.0,34.3,87820.0,80515.0,8.509372210651591,13435.0,4864.0,36.20394491998511
77099,51905.0,31.2,38878.0,17460.0,23.192370677198728,51717.0,22911.0,44.30071349846279
77201,0.0,-666666666.0,-666666666.0,-666666666.0,,0.0,0.0,
77301,31801.0,31.8,40795.0,19277.0,17.864218106348858,30176.0,15369.0,50.93120360551432
77302,19311.0,36.7,63328.0,29280.0,14.691108694526436,19299.0,15714.0,81.42390797450645
77303,19695.0,34.0,52283.0,22379.0,11.942117288651943,19662.0,14565.0,74.0768996032957
77304,28692.0,36.0,60568.0,39215.0,10.358288024536456,28283.0,18175.0,64.26121698546831
77306,11453.0,31.9,44354.0,19994.0,21.05125294682616,11442.0,8758.0,76.54256248907534
77316,21272.0,38.3,86719.0,40673.0,7.794283565250094,21221.0,18999.0,89.52923990386881
77318,15437.0,45.4,61722.0,33766.0,6.85366327654337,15417.0,11155.0,72.35519232016605
77320,35670.0,39.5,48889.0,15857.0,12.604429492570787,23187.0,15171.0,65.42890412731272
77326,15.0,-666666666.0,-666666666.0,,0.0,15.0,15.0,100.0
77327,22430.0,35.8,40636.0,20183.0,21.145786892554614,21798.0,15452.0,70.8872373612258
77328,15863.0,36.0,56991.0,21248.0,14.089390405345773,15863.0,11994.0,75.60990985311732
77331,7667.0,51.5,48398.0,27522.0,16.0949523933742,7606.0,6746.0,88.69313699710754
77334,286.0,38.5,39138.0,,6.293706293706293,286.0,95.0,33.21678321678322
77335,2519.0,47.6,37656.0,27300.0,8.019055180627234,2519.0,1937.0,76.89559348947995
77336,12397.0,35.0,67563.0,31865.0,8.744050980075825,12388.0,8834.0,71.31094607684855
77338,40335.0,31.6,50263.0,21826.0,14.647328622784183,40204.0,23215.0,57.743010645706896
77339,41403.0,38.8,73466.0,37609.0,8.337560080187426,41210.0,28419.0,68.96141713176414
77340,29900.0,27.3,35563.0,17642.0,24.153846153846153,23865.0,10430.0,43.70416928556464
77342,0.0,-666666666.0,-666666666.0,-666666666.0,,0.0,0.0,
77345,29090.0,40.6,128646.0,53140.0,3.1694740460639395,29058.0,26087.0,89.7756211714502
77346,63233.0,33.6,98840.0,39232.0,6.55195862919678,63204.0,53037.0,83.91399278526676
77350,173.0,56.8,-666666666.0,16234.0,10.404624277456648,173.0,170.0,98.26589595375722
77351,33199.0,43.5,45207.0,23005.0,16.949305701978975,29761.0,22754.0,76.45576425523336
77354,35904.0,38.0,79440.0,39144.0,12.68939393939394,35883.0,30611.0,85.30780592481119
77355,27271.0,40.1,83713.0,37189.0,7.594147629349859,27271.0,23573.0,86.43980785449745
77356,25888.0,49.4,77444.0,47397.0,7.262051915945612,25888.0,21165.0,81.75602595797281
77357,24334.0,31.4,47805.0,25169.0,22.067888550998603,24309.0,18751.0,77.13604014973879
77358,5597.0,32.1,51657.0,23958.0,15.990709308558156,5468.0,4037.0,73.82955376737381
77359,418.0,58.9,-666666666.0,22539.0,50.717703349282296,418.0,350.0,83.73205741626795
77360,5084.0,47.6,39956.0,21961.0,19.728560188827696,5072.0,3966.0,78.19400630914826
77362,5546.0,33.9,67023.0,26687.0,19.725928597187163,5523.0,4939.0,89.42603657432555
77363,2705.0,48.2,47826.0,29432.0,8.502772643253234,2705.0,2199.0,81.29390018484288
77364,1822.0,57.2,26574.0,17916.0,15.148188803512623,1822.0,1652.0,90.66959385290889
77365,31406.0,37.0,72623.0,29903.0,12.023180284022162,31224.0,24429.0,78.23789392774788
77367,111.0,38.8,50795.0,26817.0,14.414414414414415,99.0,46.0,46.464646464646464
77368,181.0,71.3,38162.0,26586.0,0.0,181.0,181.0,100.0
77369,482.0,56.8,35417.0,22849.0,42.11618257261411,482.0,418.0,86.72199170124482
77371,8025.0,36.6,39028.0,18756.0,21.682242990654206,7939.0,5648.0,71.14246126716212
77372,12351.0,35.0,51818.0,21715.0,20.014573718727227,12346.0,9110.0,73.78908148388142
77373,58255.0,33.9,67924.0,27522.0,12.098532314822762,58236.0,41221.0,70.7826773816883
77374,463.0,27.8,48777.0,20213.0,13.822894168466522,463.0,463.0,100.0
77375,50525.0,33.1,69446.0,30387.0,9.925779317169718,49977.0,37518.0,75.07053244492467
77376,430.0,46.9,35938.0,14860.0,11.627906976744185,419.0,419.0,100.0
77377,36758.0,35.4,96064.0,37624.0,6.706023178627782,36712.0,30664.0,83.52582261930705
77378,16150.0,32.0,55114.0,20191.0,19.808049535603715,15962.0,11532.0,72.24658564089714
77379,78226.0,38.5,99693.0,44516.0,3.969268529644875,78120.0,64067.0,82.01100870455709
77380,26691.0,37.1,68839.0,51273.0,11.355887752425911,26673.0,12548.0,47.04382709106587
77381,36919.0,44.1,103439.0,59362.0,4.103578103415585,36586.0,28059.0,76.6932706499754
77382,40546.0,38.5,139902.0,61866.0,2.414541508410201,40482.0,31081.0,76.77733313571464
77384,16472.0,39.7,85371.0,44730.0,4.15857212238951,16368.0,10927.0,66.75830889540568
77385,23578.0,33.9,88220.0,35924.0,7.9608109254389685,23560.0,19234.0,81.6383701188455
77386,53042.0,32.4,99076.0,39323.0,3.563214056785189,53032.0,39798.0,75.04525569467492
77388,45841.0,37.6,87574.0,37415.0,5.255120961584607,45804.0,37144.0,81.09335429220155
77389,31883.0,35.5,115725.0,48226.0,4.886616692281153,31876.0,26387.0,82.78014807378592
77396,54352.0,31.3,64195.0,27270.0,12.052914336178981,51885.0,32513.0,62.66358292377373
77401,19062.0,43.1,172205.0,93024.0,1.9830028328611897,18999.0,16739.0,88.10463708616243
77406,41008.0,38.3,114696.0,43301.0,3.621244635193133,38480.0,34705.0,90.18970893970894
77407,48157.0,32.4,96947.0,31415.0,6.431048445708828,48157.0,39528.0,82.08152501194012
77412,105.0,27.5,63750.0,25128.0,0.0,105.0,105.0,100.0
77414,23369.0,36.0,46104.0,23880.0,20.651290170739014,22988.0,12886.0,56.055333217330784
77415,86.0,24.5,-666666666.0,21748.0,0.0,86.0,86.0,100.0
77417,2760.0,46.7,42219.0,23283.0,22.282608695652176,2760.0,1720.0,62.31884057971014
77418,9926.0,46.0,59984.0,31324.0,10.407011887970985,9759.0,7028.0,72.01557536632852
77419,1473.0,23.9,60663.0,22056.0,15.478615071283096,1473.0,1122.0,76.17107942973523
77420,2245.0,37.2,46756.0,22555.0,8.240534521158128,2245.0,1613.0,71.84855233853007
77422,13378.0,41.5,53929.0,24977.0,12.51308117805352,12235.0,10218.0,83.51450756027789
77423,11551.0,34.6,52019.0,25229.0,14.345078348194962,11191.0,8072.0,72.12938968814225
77426,2350.0,46.2,65352.0,34238.0,14.638297872340425,2345.0,1768.0,75.39445628997868
77428,0.0,-666666666.0,-666666666.0,-666666666.0,,0.0,0.0,
77429,86399.0,34.7,103092.0,41786.0,4.549821178485862,86371.0,73481.0,85.07600930868
77430,2051.0,40.0,72935.0,35064.0,10.628961482203803,2051.0,1861.0,90.73622623110677
77432,112.0,48.5,-666666666.0,25421.0,16.964285714285715,112.0,56.0,50.0
77433,75008.0,32.4,103773.0,38826.0,4.388865187713311,74996.0,64924.0,86.56995039735452
77434,4781.0,35.9,40250.0,21742.0,17.569546120058565,4781.0,3819.0,79.87868646726626
77435,4303.0,39.0,55284.0,29816.0,14.710666976528003,4303.0,3089.0,71.78712526144551
77436,43.0,31.4,-666666666.0,,0.0,43.0,43.0,100.0
77437,16875.0,36.7,50465.0,29860.0,18.494814814814816,16702.0,10802.0,64.67488923482217
77440,23.0,-666666666.0,-666666666.0,,0.0,23.0,0.0,0.0
77441,9919.0,40.8,160162.0,62616.0,4.748462546627684,9911.0,9365.0,94.49096962970437
77442,922.0,37.3,62386.0,31825.0,12.039045553145336,922.0,773.0,83.83947939262472
77443,256.0,14.5,-666666666.0,,0.0,256.0,256.0,100.0
77444,708.0,35.8,59886.0,26856.0,21.610169491525422,708.0,555.0,78.38983050847457
77445,13301.0,28.9,43730.0,21127.0,22.93060672129915,13166.0,7539.0,57.26112714567826
77446,6095.0,20.0,20083.0,5168.0,17.63740771123872,1761.0,308.0,17.490062464508803
77447,15246.0,35.1,72775.0,29028.0,12.075298438934803,15172.0,12359.0,81.45926707092012
77448,58.0,53.8,-666666666.0,11422.0,20.689655172413794,35.0,0.0,0.0
77449,119204.0,31.3,72397.0,24693.0,9.424180396630986,119072.0,84386.0,70.86972588013974
77450,74631.0,37.8,101240.0,43426.0,4.591925607321355,74614.0,55646.0,74.5784973329402
77451,79.0,39.8,22083.0,8772.0,35.44303797468354,79.0,62.0,78.48101265822784
77453,335.0,10.2,28056.0,9906.0,38.80597014925373,331.0,83.0,25.075528700906347
77454,15.0,-666666666.0,-666666666.0,,0.0,15.0,15.0,100.0
77455,2026.0,48.1,52798.0,27768.0,8.538993089832182,1964.0,1597.0,81.31364562118127
77456,1323.0,35.0,36397.0,21363.0,23.885109599395314,1323.0,1186.0,89.64474678760394
77457,521.0,56.4,35179.0,19995.0,18.618042226487525,521.0,463.0,88.8675623800384
77458,272.0,46.4,-666666666.0,26173.0,0.0,272.0,237.0,87.13235294117648
77459,66175.0,38.5,112161.0,47617.0,3.3109180204004534,65943.0,56745.0,86.0515900095537
77460,151.0,19.7,-666666666.0,18011.0,0.0,151.0,128.0,84.76821192052981
77461,10752.0,38.7,69621.0,30396.0,5.645461309523809,10625.0,7945.0,74.77647058823528
77464,284.0,35.3,54500.0,34767.0,17.95774647887324,284.0,167.0,58.80281690140845
77465,7269.0,40.9,49103.0,24026.0,14.568716467189434,7224.0,6332.0,87.65227021040974
77466,353.0,39.1,70000.0,28109.0,4.2492917847025495,353.0,219.0,62.03966005665722
77467,37.0,57.8,69602.0,77889.0,0.0,37.0,0.0,0.0
77468,44.0,-666666666.0,-666666666.0,,0.0,44.0,44.0,100.0
77469,46934.0,35.8,82214.0,32542.0,8.737802019857673,45222.0,34546.0,76.39202158241564
77470,399.0,30.4,-666666666.0,16980.0,15.538847117794486,399.0,294.0,73.68421052631578
77471,38837.0,32.0,49923.0,21109.0,17.431830470942657,38677.0,22031.0,56.96150166765778
77473,111.0,43.5,20313.0,16671.0,0.0,111.0,55.0,49.549549549549546
77474,12993.0,37.6,63152.0,28144.0,15.462171938736242,12925.0,9498.0,73.48549323017409
77475,882.0,36.0,67000.0,29551.0,6.916099773242631,882.0,882.0,100.0
77476,194.0,54.4,-666666666.0,26095.0,10.824742268041238,194.0,123.0,63.4020618556701
77477,36932.0,33.6,58524.0,26282.0,15.076356547167768,36904.0,19178.0,51.967266420984174
77478,25846.0,46.1,91431.0,51776.0,6.623848951481854,25469.0,19822.0,77.82794770112686
77479,88603.0,39.1,135952.0,52487.0,4.552893242892453,88573.0,76426.0,86.2858884761722
77480,7661.0,42.2,56111.0,28856.0,17.478136013575252,7565.0,6029.0,79.69596827495043
77481,13.0,68.2,-666666666.0,73431.0,0.0,13.0,2.0,15.384615384615385
77482,2274.0,44.9,-666666666.0,20775.0,32.58575197889182,2274.0,1827.0,80.34300791556728
77483,292.0,19.0,-666666666.0,14738.0,20.54794520547945,292.0,165.0,56.5068493150685
77484,10710.0,39.8,66000.0,30320.0,12.530345471521942,10638.0,8142.0,76.53694303440496
77485,4691.0,43.2,54239.0,24629.0,13.962907695587294,4674.0,3205.0,68.57081728712025
77486,7082.0,43.0,67701.0,26472.0,10.406664783959334,7065.0,5259.0,74.43736730360934
77488,14738.0,37.0,45027.0,21050.0,19.12742570226625,14438.0,9738.0,67.44701482199751
77489,36786.0,36.0,66124.0,26598.0,9.582449845049748,36714.0,26560.0,72.34297543171542
77493,29984.0,34.2,85865.0,31064.0,5.829775880469584,29916.0,24135.0,80.67589249899719
77494,105854.0,34.8,137600.0,48249.0,3.868535907948684,105552.0,88384.0,83.73503107473094
77498,51037.0,35.4,80307.0,32123.0,10.99594411897251,50748.0,37965.0,74.81082998344762
77502,39040.0,30.4,46105.0,17450.0,20.92469262295082,38833.0,24743.0,63.716426750444214
77503,26171.0,30.1,45778.0,17481.0,15.421649917847999,25957.0,13626.0,52.49451015140425
77504,23327.0,31.3,40693.0,23353.0,25.43404638401852,22923.0,9942.0,43.371286480827116
77505,24230.0,33.6,77490.0,34398.0,6.095749071399092,24230.0,16984.0,70.09492364836979
77506,37736.0,28.2,34838.0,14387.0,27.143841424634303,37696.0,15903.0,42.1875
77507,0.0,-666666666.0,-666666666.0,-666666666.0,,0.0,0.0,
77510,14608.0,44.2,69647.0,31222.0,9.412650602409638,14595.0,11491.0,78.73244261733471
77511,46121.0,35.4,57098.0,25963.0,13.867869300318727,46043.0,34086.0,74.03079729817779
77514,4443.0,40.6,38953.0,23102.0,17.510690974566735,4282.0,3422.0,79.91592713685193
77515,31627.0,37.6,61603.0,26025.0,11.290985550320928,28641.0,20875.0,72.88502496421214
77517,5688.0,39.5,74627.0,28968.0,3.990857946554149,5688.0,5328.0,93.67088607594937
77518,10984.0,32.0,38843.0,21092.0,24.526584122359797,10984.0,7231.0,65.83211944646759
77519,1509.0,31.7,62379.0,23392.0,4.903909874088801,1509.0,1376.0,91.18621603711067
77520,36694.0,32.7,46311.0,21597.0,17.283479587943532,36400.0,22573.0,62.01373626373626
77521,57125.0,32.3,62513.0,26785.0,15.22800875273523,56729.0,37343.0,65.8270020624372
77523,21366.0,32.6,100116.0,35332.0,12.070579425255078,21366.0,17293.0,80.93700271459328
77530,31119.0,31.7,55761.0,21319.0,15.389311995886757,31119.0,19708.0,63.33108390372442
77531,16078.0,32.9,57954.0,26486.0,18.690135589003606,15907.0,9278.0,58.32652291444018
77532,28320.0,35.7,62606.0,29974.0,14.233757062146893,28315.0,21768.0,76.8779798693272
77533,849.0,38.8,49423.0,26487.0,7.302709069493522,849.0,597.0,70.31802120141343
77534,2426.0,40.9,83867.0,32555.0,3.957131079967024,2426.0,1941.0,80.00824402308326
77535,32904.0,36.4,54873.0,20992.0,10.272307318259179,27250.0,21754.0,79.83119266055046
77536,32392.0,36.0,82420.0,33529.0,10.14448011854779,32258.0,24495.0,75.93465186930374
77538,906.0,43.6,62188.0,30285.0,16.777041942604857,906.0,849.0,93.70860927152319
77539,42607.0,35.5,71216.0,30591.0,13.915553782242355,41616.0,30388.0,73.01999231064976
77541,18525.0,32.7,48390.0,22556.0,20.23211875843455,18412.0,10274.0,55.800564849011515
77545,25036.0,30.7,70326.0,22479.0,9.406454705224476,25016.0,20728.0,82.85897025903421
77546,52261.0,39.6,98621.0,44508.0,5.055395036451656,52038.0,42411.0,81.50005765017872
77547,10077.0,28.5,41037.0,14935.0,27.86543614170884,10077.0,6360.0,63.11402203036618
77550,22070.0,39.9,35305.0,25136.0,30.35795197100136,21474.0,9691.0,45.12899320108038
77551,21203.0,36.4,47727.0,27674.0,15.493090600386738,19206.0,7756.0,40.38321357908987
77554,8249.0,49.2,66833.0,46421.0,5.879500545520669,6979.0,4886.0,70.01003009027082
77560,624.0,51.0,97321.0,61799.0,17.147435897435898,624.0,589.0,94.39102564102564
77561,67.0,71.3,-666666666.0,39601.0,10.447761194029852,67.0,60.0,89.55223880597015
77562,10665.0,36.9,62077.0,26589.0,13.567744960150023,10640.0,7638.0,71.78571428571429
77563,10067.0,39.3,55652.0,29545.0,21.039038442435682,10064.0,6836.0,67.92527821939586
77564,1986.0,39.7,59531.0,27935.0,2.618328298086606,1961.0,1654.0,84.34472208057113
77565,7233.0,46.3,68062.0,47042.0,3.4563804783630583,7233.0,4118.0,56.933499239596294
77566,29441.0,36.7,78276.0,39247.0,8.321728202167046,29362.0,20555.0,70.00544922008038
77568,15640.0,40.2,44381.0,23162.0,16.924552429667518,15489.0,10706.0,69.1200206598231
77571,37374.0,37.7,75232.0,31684.0,9.667148284903943,37235.0,27898.0,74.924130522358
77573,85108.0,34.9,103922.0,41592.0,6.871269445880528,84630.0,66045.0,78.03970223325062
77575,17005.0,33.7,55156.0,26796.0,13.01970008820935,16509.0,12603.0,76.34017808468109
77577,1566.0,40.4,70815.0,31343.0,14.17624521072797,1521.0,1433.0,94.21433267587113
77578,18636.0,34.7,99082.0,37045.0,4.324962438291479,18568.0,17042.0,91.78155967255493
77580,534.0,32.9,-666666666.0,32927.0,0.0,534.0,534.0,100.0
77581,47625.0,35.6,89931.0,36394.0,6.061942257217848,47484.0,37649.0,79.28776008760846
77583,35308.0,35.1,67241.0,18620.0,12.042596578679053,29278.0,24626.0,84.11093653938111
77584,87121.0,34.4,106162.0,43226.0,5.288047657855167,86784.0,69232.0,79.77507374631269
77585,880.0,43.6,40508.0,13486.0,14.204545454545455,880.0,723.0,82.1590909090909
77586,22182.0,40.4,90612.0,48308.0,7.312235145613561,22045.0,15645.0,70.96847357677478
77587,16901.0,28.6,44371.0,15765.0,24.90385184308621,16892.0,9890.0,58.54842529007814
77590,31084.0,38.8,41697.0,22779.0,24.3565821644576,30864.0,18495.0,59.9241835147745
77591,14073.0,36.1,43487.0,26635.0,16.10886093938748,13770.0,7648.0,55.54103122730574
77597,1210.0,31.6,43009.0,19880.0,31.40495867768595,1210.0,921.0,76.11570247933884
77598,24689.0,30.2,52167.0,27235.0,13.94548179351128,24427.0,5072.0,20.76390878945429
77611,8325.0,35.5,69897.0,29859.0,8.444444444444445,8325.0,6952.0,83.50750750750751
77612,9134.0,41.4,49479.0,21609.0,8.36435296693672,9099.0,7619.0,83.73447631607868
77613,1048.0,48.0,53875.0,33152.0,4.675572519083969,1045.0,796.0,76.17224880382774
77614,516.0,48.4,-666666666.0,21103.0,9.496124031007753,516.0,271.0,52.51937984496124
77615,1049.0,36.2,59474.0,24577.0,1.2392755004766445,1049.0,895.0,85.31935176358436
77616,535.0,56.5,39574.0,31688.0,13.08411214953271,535.0,529.0,98.8785046728972
77617,64.0,60.1,-666666666.0,45905.0,14.0625,64.0,64.0,100.0
77619,15775.0,37.5,52992.0,26149.0,12.42472266244057,15579.0,11183.0,71.78252776173053
77622,1464.0,35.6,83875.0,28924.0,13.729508196721312,1464.0,1316.0,89.89071038251366
77623,515.0,53.2,49868.0,26275.0,15.339805825242719,515.0,397.0,77.08737864077669
77624,630.0,59.1,64158.0,33438.0,10.793650793650794,630.0,427.0,67.77777777777779
77625,9691.0,35.3,60098.0,34005.0,9.658445980806935,9633.0,8133.0,84.42852693864839
77627,21198.0,40.9,66493.0,36934.0,6.920464194735352,21193.0,15761.0,74.36889538998726
77629,634.0,46.0,49079.0,25662.0,4.2586750788643535,634.0,456.0,71.92429022082018
77630,28740.0,38.2,47638.0,28019.0,16.116910229645093,28138.0,19088.0,67.83708863458668
77632,23475.0,39.9,61387.0,29725.0,13.878594249201278,23444.0,19694.0,84.00443610305408
77640,15964.0,38.2,33114.0,19440.0,27.887747431721372,15883.0,9915.0,62.42523452748221
77642,38845.0,31.9,32266.0,17846.0,31.2936027802806,38230.0,23142.0,60.53361234632487
77650,1611.0,50.5,46250.0,27198.0,15.64245810055866,1611.0,1166.0,72.3774053382992
77651,12840.0,41.2,61976.0,33767.0,10.856697819314642,12840.0,9892.0,77.0404984423676
77655,346.0,49.3,50000.0,44865.0,10.982658959537572,339.0,322.0,94.98525073746312
77656,16362.0,40.4,46689.0,25157.0,18.0356924581347,16036.0,12460.0,77.70017460713396
77657,21427.0,39.1,65956.0,30801.0,8.465954169972465,21341.0,16975.0,79.54172719179044
77659,4722.0,42.1,66667.0,41921.0,5.866158407454469,4722.0,4154.0,87.9711986446421
77660,1182.0,43.3,63750.0,24927.0,3.976311336717428,1182.0,1018.0,86.12521150592217
77661,852.0,21.1,-666666666.0,19787.0,5.39906103286385,852.0,692.0,81.2206572769953
77662,26394.0,36.6,47781.0,24951.0,14.257028112449799,26203.0,20795.0,79.36114185398618
77663,1283.0,49.9,59702.0,21614.0,29.46219797349961,1283.0,1283.0,100.0
77664,2229.0,48.3,68977.0,32989.0,10.85688649618663,2229.0,1961.0,87.9766711529834
77665,6252.0,39.6,45718.0,25597.0,13.93154190658989,6132.0,4860.0,79.2563600782779
77701,13216.0,35.3,27309.0,16387.0,27.565072639225182,12960.0,7351.0,56.72067901234568
77702,3091.0,37.2,44940.0,25684.0,17.825946295697186,3086.0,1637.0,53.04601425793908
77703,14288.0,32.1,29007.0,16251.0,31.599944008958566,13962.0,7135.0,51.102993840424006
77705,40819.0,36.1,38356.0,16477.0,16.538866704230873,27105.0,17804.0,65.68529791551374
77706,29249.0,39.0,63261.0,41760.0,9.40544975896612,28976.0,17341.0,59.84607951408062
77707,17954.0,35.0,52611.0,27014.0,14.587278600868887,17488.0,13154.0,75.21729185727357
77708,12288.0,33.5,45552.0,25108.0,17.277018229166668,12246.0,7010.0,57.2431814470031
77713,14402.0,35.6,60127.0,32384.0,9.630606860158311,14337.0,9081.0,63.33961079723791
77801,16759.0,24.7,32060.0,15959.0,41.58959365117251,16705.0,3141.0,18.802753666566897
77802,26185.0,35.4,54451.0,32204.0,11.865571892304756,25678.0,14358.0,55.915569748422776
77803,30609.0,30.4,37895.0,17760.0,23.747917279231597,28317.0,17000.0,60.0346081858954
77807,10288.0,31.3,59004.0,24976.0,18.02099533437014,9199.0,5719.0,62.16980106533319
77808,10849.0,41.2,69038.0,33783.0,9.927182228776847,10776.0,9769.0,90.65515961395694
77830,2830.0,42.6,57422.0,42911.0,3.639575971731449,2830.0,2531.0,89.43462897526501
77831,3115.0,50.7,47565.0,31984.0,22.215088282504013,3115.0,2644.0,84.87961476725522
77833,29060.0,38.9,54721.0,27040.0,13.117687543014453,26733.0,19672.0,73.58695245576628
77835,2603.0,56.8,66304.0,33205.0,2.612370341913177,2603.0,1911.0,73.41529004994237
77836,12022.0,42.9,57215.0,27416.0,12.88471136250208,11839.0,8737.0,73.798462707999
77837,1889.0,39.9,35950.0,17802.0,28.9571201694018,1861.0,1248.0,67.06072004298764
77840,59673.0,21.7,23426.0,14609.0,40.02815343622744,48455.0,5986.0,12.35373026519451
77845,59512.0,30.8,76230.0,38080.0,12.550410001344266,59222.0,40170.0,67.82952281246834
77853,1287.0,43.5,60690.0,27918.0,9.712509712509712,1287.0,1137.0,88.34498834498834
77855,72.0,51.8,-666666666.0,53386.0,0.0,72.0,72.0,100.0
77856,5037.0,43.3,46212.0,26190.0,12.070676990271988,4918.0,3663.0,74.48149654331029
77857,664.0,46.5,52188.0,33507.0,15.512048192771084,664.0,556.0,83.73493975903614
77859,7393.0,37.0,57226.0,22227.0,14.189097795211687,7387.0,5546.0,75.07783944767836
77861,2452.0,46.4,58135.0,31679.0,12.398042414355627,2452.0,2059.0,83.97226753670472
77864,6935.0,44.2,42609.0,22019.0,16.669069935111754,6762.0,4732.0,69.97929606625259
77865,1778.0,53.5,45293.0,47966.0,7.592800899887514,1778.0,1670.0,93.92575928008999
77867,93.0,59.4,40833.0,22311.0,13.978494623655914,93.0,82.0,88.17204301075269
77868,17027.0,37.7,48051.0,17706.0,18.406060962001526,13460.0,9823.0,72.97919762258543
77871,2568.0,55.5,50500.0,31153.0,12.071651090342678,2568.0,1908.0,74.29906542056075
77872,1577.0,40.1,44444.0,25566.0,11.794546607482562,1577.0,1436.0,91.05897273303741
77873,1268.0,35.2,36875.0,22155.0,16.6403785488959,1268.0,963.0,75.94637223974765
77876,203.0,59.6,68750.0,27859.0,0.0,203.0,138.0,67.98029556650246
77878,263.0,26.7,31432.0,19867.0,36.12167300380228,263.0,127.0,48.28897338403042
77879,5251.0,44.0,48792.0,26838.0,17.806132165301847,5251.0,4159.0,79.2039611502571
77880,1397.0,51.5,54255.0,51747.0,15.53328561202577,1397.0,1181.0,84.53829634931998
77901,43424.0,32.0,44663.0,21377.0,20.73277450257922,42339.0,21735.0,51.33564798412811
77904,27570.0,39.0,74694.0,38295.0,8.654334421472615,27429.0,19557.0,71.30044843049326
77905,14326.0,42.5,71619.0,31325.0,7.894736842105263,14194.0,12378.0,87.20586163167535
77950,173.0,61.6,49375.0,32039.0,12.138728323699421,173.0,137.0,79.1907514450867
77951,2059.0,38.0,33977.0,14678.0,14.764448761534725,2059.0,1464.0,71.1024769305488
77954,12256.0,40.1,59512.0,24983.0,14.947780678851174,10584.0,7136.0,67.4225245653817
77957,8494.0,39.9,53019.0,26377.0,14.068754414881093,8293.0,5331.0,64.28313035089835
77960,42.0,-666666666.0,-666666666.0,,0.0,42.0,42.0,100.0
77961,252.0,44.8,96378.0,45613.0,0.0,252.0,252.0,100.0
77962,3178.0,35.7,56270.0,26104.0,16.393958464443045,3133.0,2185.0,69.74146185764442
77963,5991.0,45.6,54010.0,27842.0,15.85711901185111,5889.0,4740.0,80.4890473764646
77964,8269.0,45.7,52313.0,31006.0,11.645906397387835,8036.0,6056.0,75.36087605774017
77968,3054.0,39.8,68468.0,32544.0,11.591355599214145,3054.0,2769.0,90.6679764243615
77969,158.0,30.4,-666666666.0,20281.0,0.0,158.0,69.0,43.67088607594937
77970,378.0,54.1,51792.0,31469.0,8.994708994708995,378.0,222.0,58.730158730158735
77971,1078.0,39.8,79702.0,31571.0,15.213358070500927,1078.0,713.0,66.14100185528757
77973,0.0,-666666666.0,-666666666.0,-666666666.0,,0.0,0.0,
77974,382.0,33.0,97143.0,34002.0,10.732984293193716,382.0,326.0,85.34031413612566
77975,1942.0,45.8,63333.0,32661.0,11.637487126673532,1892.0,1268.0,67.01902748414376
77976,89.0,56.0,-666666666.0,30301.0,5.617977528089888,89.0,84.0,94.3820224719101
77977,747.0,39.3,33659.0,17444.0,12.85140562248996,747.0,601.0,80.45515394912985
77978,774.0,30.2,62143.0,26942.0,10.723514211886306,723.0,347.0,47.994467496542185
77979,17526.0,38.0,59675.0,27322.0,15.143215793677964,17300.0,12161.0,70.29479768786128
77982,1070.0,35.5,59938.0,26249.0,9.532710280373832,1065.0,847.0,79.53051643192488
77983,2351.0,39.1,48971.0,24054.0,23.989791578051893,2351.0,1645.0,69.97022543598469
77984,3954.0,46.8,51652.0,34788.0,8.396560445118867,3873.0,3096.0,79.93803253292022
77987,352.0,32.3,75313.0,26864.0,3.409090909090909,352.0,331.0,94.0340909090909
77988,565.0,28.1,-666666666.0,16682.0,15.221238938053098,565.0,493.0,87.2566371681416
77990,864.0,32.8,41791.0,19816.0,32.523148148148145,864.0,587.0,67.93981481481481
77991,614.0,16.2,68636.0,15480.0,4.5602605863192185,614.0,374.0,60.91205211726385
77993,183.0,46.8,-666666666.0,35348.0,30.05464480874317,183.0,128.0,69.94535519125684
77994,508.0,42.6,35500.0,30697.0,22.440944881889763,508.0,421.0,82.8740157480315
77995,9847.0,38.7,46958.0,25401.0,9.76947293591957,9615.0,7358.0,76.52626105044202
